distrito_nombre,agrupacion_nombre,lista_numero,votos_cantidad
Buenos Aires,FRENTE DE IZQUIERDA Y DE TRABAJADORES - UNIDAD,3009,209110
Buenos Aires,FRENTE DE IZQUIERDA Y DE TRABAJADORES - UNIDAD,3010,84491
Buenos Aires,FRENTE LIBER.AR,3002,4675
Buenos Aires,FRENTE LIBER.AR,3003,10159
Buenos Aires,FRENTE LIBER.AR,3004,989
Buenos Aires,FRENTE PATRIOTA FEDERAL,3021,19974
Buenos Aires,HACEMOS POR NUESTRO PAIS,3001,97586
Buenos Aires,JUNTOS POR EL CAMBIO,3007,1118933
Buenos Aires,JUNTOS POR EL CAMBIO,3008,1448907
Buenos Aires,LA LIBERTAD AVANZA,3016,2161679
Buenos Aires,MOVIMIENTO AL SOCIALISMO,3017,32230
Buenos Aires,MOVIMIENTO DE ACCION VECINAL,3025,12795
Buenos Aires,MOVIMIENTO IZQUIERDA JUVENTUD Y DIGNIDAD,3026,9405
Buenos Aires,MOVIMIENTO IZQUIERDA JUVENTUD Y DIGNIDAD,3027,25324
Buenos Aires,MOVIMIENTO LIBRES DEL SUR,3019,41840
Buenos Aires,POLITICA OBRERA,3020,19572
Buenos Aires,PRINCIPIOS Y VALORES,3011,77614
Buenos Aires,PROYECTO JOVEN,3022,7317
Buenos Aires,PROYECTO JOVEN,3023,7060
Buenos Aires,PROYECTO JOVEN,3024,2062
Buenos Aires,UNION DEL CENTRO DEMOCRATICO,3018,7400
Buenos Aires,UNION POR LA PATRIA,3005,2069920
Buenos Aires,UNION POR LA PATRIA,3006,761158
Catamarca,FRENTE DE IZQUIERDA Y DE TRABAJADORES - UNIDAD,3009,1222
Catamarca,FRENTE DE IZQUIERDA Y DE TRABAJADORES - UNIDAD,3010,1580
Catamarca,FRENTE LIBER.AR,3002,7
Catamarca,FRENTE LIBER.AR,3003,1
Catamarca,FRENTE LIBER.AR,3004,57
Catamarca,FRENTE PATRIOTA FEDERAL,3021,394
Catamarca,HACEMOS POR NUESTRO PAIS,3001,3530
Catamarca,JUNTOS POR EL CAMBIO,3007,20498
Catamarca,JUNTOS POR EL CAMBIO,3008,24046
Catamarca,LA LIBERTAD AVANZA,3016,53778
Catamarca,MOVIMIENTO AL SOCIALISMO,3017,557
Catamarca,MOVIMIENTO DE ACCION VECINAL,3025,385
Catamarca,MOVIMIENTO IZQUIERDA JUVENTUD Y DIGNIDAD,3026,264
Catamarca,MOVIMIENTO IZQUIERDA JUVENTUD Y DIGNIDAD,3027,323
Catamarca,MOVIMIENTO LIBRES DEL SUR,3019,1245
Catamarca,POLITICA OBRERA,3020,745
Catamarca,PRINCIPIOS Y VALORES,3011,67
Catamarca,PRINCIPIOS Y VALORES,3012,7
Catamarca,PRINCIPIOS Y VALORES,3013,3
Catamarca,PRINCIPIOS Y VALORES,3014,3
Catamarca,PRINCIPIOS Y VALORES,3015,1
Catamarca,PROYECTO JOVEN,3022,13
Catamarca,PROYECTO JOVEN,3023,4
Catamarca,PROYECTO JOVEN,3024,3
Catamarca,UNION DEL CENTRO DEMOCRATICO,3018,17
Catamarca,UNION POR LA PATRIA,3005,83099
Catamarca,UNION POR LA PATRIA,3006,4414
Chaco,FRENTE DE IZQUIERDA Y DE TRABAJADORES - UNIDAD,3009,3585
Chaco,FRENTE DE IZQUIERDA Y DE TRABAJADORES - UNIDAD,3010,4125
Chaco,FRENTE LIBER.AR,3002,46
Chaco,FRENTE LIBER.AR,3003,77
Chaco,FRENTE LIBER.AR,3004,130
Chaco,FRENTE PATRIOTA FEDERAL,3021,1490
Chaco,HACEMOS POR NUESTRO PAIS,3001,8833
Chaco,JUNTOS POR EL CAMBIO,3007,69529
Chaco,JUNTOS POR EL CAMBIO,3008,96192
Chaco,LA LIBERTAD AVANZA,3016,180599
Chaco,MOVIMIENTO AL SOCIALISMO,3017,2437
Chaco,MOVIMIENTO DE ACCION VECINAL,3025,1211
Chaco,MOVIMIENTO IZQUIERDA JUVENTUD Y DIGNIDAD,3026,1108
Chaco,MOVIMIENTO IZQUIERDA JUVENTUD Y DIGNIDAD,3027,1156
Chaco,MOVIMIENTO LIBRES DEL SUR,3019,6141
Chaco,POLITICA OBRERA,3020,2035
Chaco,PRINCIPIOS Y VALORES,3011,4150
Chaco,PRINCIPIOS Y VALORES,3012,44
Chaco,PRINCIPIOS Y VALORES,3013,15
Chaco,PRINCIPIOS Y VALORES,3014,9
Chaco,PRINCIPIOS Y VALORES,3015,14
Chaco,PROYECTO JOVEN,3022,39
Chaco,PROYECTO JOVEN,3023,84
Chaco,PROYECTO JOVEN,3024,6
Chaco,UNION DEL CENTRO DEMOCRATICO,3018,21
Chaco,UNION POR LA PATRIA,3005,199837
Chaco,UNION POR LA PATRIA,3006,16420
Chubut,FRENTE DE IZQUIERDA Y DE TRABAJADORES - UNIDAD,3009,6656
Chubut,FRENTE DE IZQUIERDA Y DE TRABAJADORES - UNIDAD,3010,3763
Chubut,FRENTE LIBER.AR,3002,6
Chubut,FRENTE LIBER.AR,3003,63
Chubut,FRENTE LIBER.AR,3004,90
Chubut,FRENTE PATRIOTA FEDERAL,3021,905
Chubut,HACEMOS POR NUESTRO PAIS,3001,7587
Chubut,JUNTOS POR EL CAMBIO,3007,29818
Chubut,JUNTOS POR EL CAMBIO,3008,46785
Chubut,LA LIBERTAD AVANZA,3016,124030
Chubut,MOVIMIENTO AL SOCIALISMO,3017,1959
Chubut,MOVIMIENTO DE ACCION VECINAL,3025,819
Chubut,MOVIMIENTO IZQUIERDA JUVENTUD Y DIGNIDAD,3026,128
Chubut,MOVIMIENTO IZQUIERDA JUVENTUD Y DIGNIDAD,3027,1022
Chubut,MOVIMIENTO LIBRES DEL SUR,3019,1926
Chubut,POLITICA OBRERA,3020,1367
Chubut,PRINCIPIOS Y VALORES,3011,3094
Chubut,PRINCIPIOS Y VALORES,3013,15
Chubut,PRINCIPIOS Y VALORES,3014,1
Chubut,PRINCIPIOS Y VALORES,3015,17
Chubut,PROYECTO JOVEN,3022,27
Chubut,PROYECTO JOVEN,3023,26
Chubut,PROYECTO JOVEN,3024,22
Chubut,UNION DEL CENTRO DEMOCRATICO,3018,96
Chubut,UNION POR LA PATRIA,3005,52536
Chubut,UNION POR LA PATRIA,3006,19294
Ciudad Autónoma de Buenos Aires,FRENTE DE IZQUIERDA Y DE TRABAJADORES - UNIDAD,3009,62254
Ciudad Autónoma de Buenos Aires,FRENTE DE IZQUIERDA Y DE TRABAJADORES - UNIDAD,3010,15760
Ciudad Autónoma de Buenos Aires,FRENTE LIBER.AR,3002,41
Ciudad Autónoma de Buenos Aires,FRENTE LIBER.AR,3003,21
Ciudad Autónoma de Buenos Aires,FRENTE LIBER.AR,3004,105
Ciudad Autónoma de Buenos Aires,FRENTE PATRIOTA FEDERAL,3021,2715
Ciudad Autónoma de Buenos Aires,HACEMOS POR NUESTRO PAIS,3001,15886
Ciudad Autónoma de Buenos Aires,JUNTOS POR EL CAMBIO,3007,337254
Ciudad Autónoma de Buenos Aires,JUNTOS POR EL CAMBIO,3008,476010
Ciudad Autónoma de Buenos Aires,LA LIBERTAD AVANZA,3016,299097
Ciudad Autónoma de Buenos Aires,MOVIMIENTO AL SOCIALISMO,3017,7198
Ciudad Autónoma de Buenos Aires,MOVIMIENTO DE ACCION VECINAL,3025,2691
Ciudad Autónoma de Buenos Aires,MOVIMIENTO IZQUIERDA JUVENTUD Y DIGNIDAD,3026,1249
Ciudad Autónoma de Buenos Aires,MOVIMIENTO IZQUIERDA JUVENTUD Y DIGNIDAD,3027,4937
Ciudad Autónoma de Buenos Aires,MOVIMIENTO LIBRES DEL SUR,3019,3754
Ciudad Autónoma de Buenos Aires,POLITICA OBRERA,3020,4454
Ciudad Autónoma de Buenos Aires,PRINCIPIOS Y VALORES,3011,22233
Ciudad Autónoma de Buenos Aires,PROYECTO JOVEN,3022,18
Ciudad Autónoma de Buenos Aires,PROYECTO JOVEN,3023,20
Ciudad Autónoma de Buenos Aires,PROYECTO JOVEN,3024,23
Ciudad Autónoma de Buenos Aires,UNION DEL CENTRO DEMOCRATICO,3018,2230
Ciudad Autónoma de Buenos Aires,UNION POR LA PATRIA,3005,276942
Ciudad Autónoma de Buenos Aires,UNION POR LA PATRIA,3006,120112
Corrientes,FRENTE DE IZQUIERDA Y DE TRABAJADORES - UNIDAD,3009,3836
Corrientes,FRENTE DE IZQUIERDA Y DE TRABAJADORES - UNIDAD,3010,2219
Corrientes,FRENTE LIBER.AR,3002,34
Corrientes,FRENTE LIBER.AR,3003,7
Corrientes,FRENTE LIBER.AR,3004,41
Corrientes,FRENTE PATRIOTA FEDERAL,3021,969
Corrientes,HACEMOS POR NUESTRO PAIS,3001,8929
Corrientes,JUNTOS POR EL CAMBIO,3007,67140
Corrientes,JUNTOS POR EL CAMBIO,3008,145964
Corrientes,LA LIBERTAD AVANZA,3016,181456
Corrientes,MOVIMIENTO AL SOCIALISMO,3017,2686
Corrientes,MOVIMIENTO DE ACCION VECINAL,3025,1358
Corrientes,MOVIMIENTO IZQUIERDA JUVENTUD Y DIGNIDAD,3026,918
Corrientes,MOVIMIENTO IZQUIERDA JUVENTUD Y DIGNIDAD,3027,1169
Corrientes,MOVIMIENTO LIBRES DEL SUR,3019,3770
Corrientes,POLITICA OBRERA,3020,1449
Corrientes,PRINCIPIOS Y VALORES,3011,3189
Corrientes,PRINCIPIOS Y VALORES,3012,53
Corrientes,PRINCIPIOS Y VALORES,3013,17
Corrientes,PRINCIPIOS Y VALORES,3014,13
Corrientes,PRINCIPIOS Y VALORES,3015,14
Corrientes,PROYECTO JOVEN,3022,16
Corrientes,PROYECTO JOVEN,3023,56
Corrientes,PROYECTO JOVEN,3024,3
Corrientes,UNION DEL CENTRO DEMOCRATICO,3018,43
Corrientes,UNION POR LA PATRIA,3005,161865
Corrientes,UNION POR LA PATRIA,3006,20793
Córdoba,FRENTE DE IZQUIERDA Y DE TRABAJADORES - UNIDAD,3009,19752
Córdoba,FRENTE DE IZQUIERDA Y DE TRABAJADORES - UNIDAD,3010,11383
Córdoba,FRENTE LIBER.AR,3002,1512
Córdoba,FRENTE LIBER.AR,3004,1564
Córdoba,FRENTE PATRIOTA FEDERAL,3021,2867
Córdoba,HACEMOS POR NUESTRO PAIS,3001,564182
Córdoba,JUNTOS POR EL CAMBIO,3007,130771
Córdoba,JUNTOS POR EL CAMBIO,3008,384685
Córdoba,LA LIBERTAD AVANZA,3016,688684
Córdoba,MOVIMIENTO AL SOCIALISMO,3017,3893
Córdoba,MOVIMIENTO DE ACCION VECINAL,3025,2471
Córdoba,MOVIMIENTO IZQUIERDA JUVENTUD Y DIGNIDAD,3026,1009
Córdoba,MOVIMIENTO IZQUIERDA JUVENTUD Y DIGNIDAD,3027,2404
Córdoba,MOVIMIENTO LIBRES DEL SUR,3019,4565
Córdoba,POLITICA OBRERA,3020,2123
Córdoba,PRINCIPIOS Y VALORES,3011,10419
Córdoba,PRINCIPIOS Y VALORES,3012,1934
Córdoba,PRINCIPIOS Y VALORES,3015,1431
Córdoba,PROYECTO JOVEN,3022,2144
Córdoba,PROYECTO JOVEN,3023,731
Córdoba,PROYECTO JOVEN,3024,760
Córdoba,UNION DEL CENTRO DEMOCRATICO,3018,61
Córdoba,UNION POR LA PATRIA,3005,126219
Córdoba,UNION POR LA PATRIA,3006,51309
Entre Ríos,FRENTE DE IZQUIERDA Y DE TRABAJADORES - UNIDAD,3009,5671
Entre Ríos,FRENTE DE IZQUIERDA Y DE TRABAJADORES - UNIDAD,3010,4365
Entre Ríos,FRENTE LIBER.AR,3002,201
Entre Ríos,FRENTE LIBER.AR,3003,37
Entre Ríos,FRENTE LIBER.AR,3004,375
Entre Ríos,FRENTE PATRIOTA FEDERAL,3021,1643
Entre Ríos,HACEMOS POR NUESTRO PAIS,3001,9425
Entre Ríos,JUNTOS POR EL CAMBIO,3007,90440
Entre Ríos,JUNTOS POR EL CAMBIO,3008,166823
Entre Ríos,LA LIBERTAD AVANZA,3016,176164
Entre Ríos,MOVIMIENTO AL SOCIALISMO,3017,1885
Entre Ríos,MOVIMIENTO DE ACCION VECINAL,3025,1238
Entre Ríos,MOVIMIENTO IZQUIERDA JUVENTUD Y DIGNIDAD,3026,912
Entre Ríos,MOVIMIENTO IZQUIERDA JUVENTUD Y DIGNIDAD,3027,1343
Entre Ríos,MOVIMIENTO LIBRES DEL SUR,3019,1456
Entre Ríos,POLITICA OBRERA,3020,1477
Entre Ríos,PRINCIPIOS Y VALORES,3011,4767
Entre Ríos,PRINCIPIOS Y VALORES,3012,48
Entre Ríos,PRINCIPIOS Y VALORES,3013,39
Entre Ríos,PRINCIPIOS Y VALORES,3014,15
Entre Ríos,PRINCIPIOS Y VALORES,3015,32
Entre Ríos,PROYECTO JOVEN,3022,64
Entre Ríos,PROYECTO JOVEN,3023,17
Entre Ríos,PROYECTO JOVEN,3024,10
Entre Ríos,UNION DEL CENTRO DEMOCRATICO,3018,52
Entre Ríos,UNION POR LA PATRIA,3005,180436
Entre Ríos,UNION POR LA PATRIA,3006,52134
Formosa,FRENTE DE IZQUIERDA Y DE TRABAJADORES - UNIDAD,3009,1287
Formosa,FRENTE DE IZQUIERDA Y DE TRABAJADORES - UNIDAD,3010,829
Formosa,FRENTE LIBER.AR,3002,45
Formosa,FRENTE LIBER.AR,3003,24
Formosa,FRENTE LIBER.AR,3004,119
Formosa,FRENTE PATRIOTA FEDERAL,3021,470
Formosa,HACEMOS POR NUESTRO PAIS,3001,3208
Formosa,JUNTOS POR EL CAMBIO,3007,22089
Formosa,JUNTOS POR EL CAMBIO,3008,46650
Formosa,LA LIBERTAD AVANZA,3016,80753
Formosa,MOVIMIENTO AL SOCIALISMO,3017,775
Formosa,MOVIMIENTO DE ACCION VECINAL,3025,533
Formosa,MOVIMIENTO IZQUIERDA JUVENTUD Y DIGNIDAD,3026,331
Formosa,MOVIMIENTO IZQUIERDA JUVENTUD Y DIGNIDAD,3027,329
Formosa,MOVIMIENTO LIBRES DEL SUR,3019,1724
Formosa,POLITICA OBRERA,3020,710
Formosa,PRINCIPIOS Y VALORES,3011,4
Formosa,PRINCIPIOS Y VALORES,3012,1
Formosa,PRINCIPIOS Y VALORES,3013,39
Formosa,PRINCIPIOS Y VALORES,3014,31
Formosa,PRINCIPIOS Y VALORES,3015,19
Formosa,PROYECTO JOVEN,3022,38
Formosa,PROYECTO JOVEN,3023,39
Formosa,PROYECTO JOVEN,3024,20
Formosa,UNION DEL CENTRO DEMOCRATICO,3018,31
Formosa,UNION POR LA PATRIA,3005,142965
Formosa,UNION POR LA PATRIA,3006,4627
Jujuy,FRENTE DE IZQUIERDA Y DE TRABAJADORES - UNIDAD,3009,22186
Jujuy,FRENTE DE IZQUIERDA Y DE TRABAJADORES - UNIDAD,3010,6796
Jujuy,FRENTE LIBER.AR,3002,115
Jujuy,FRENTE LIBER.AR,3003,17
Jujuy,FRENTE LIBER.AR,3004,281
Jujuy,FRENTE PATRIOTA FEDERAL,3021,905
Jujuy,HACEMOS POR NUESTRO PAIS,3001,7215
Jujuy,JUNTOS POR EL CAMBIO,3007,76378
Jujuy,JUNTOS POR EL CAMBIO,3008,24030
Jujuy,LA LIBERTAD AVANZA,3016,168142
Jujuy,MOVIMIENTO AL SOCIALISMO,3017,1124
Jujuy,MOVIMIENTO DE ACCION VECINAL,3025,839
Jujuy,MOVIMIENTO IZQUIERDA JUVENTUD Y DIGNIDAD,3026,713
Jujuy,MOVIMIENTO IZQUIERDA JUVENTUD Y DIGNIDAD,3027,814
Jujuy,MOVIMIENTO LIBRES DEL SUR,3019,1598
Jujuy,POLITICA OBRERA,3020,1423
Jujuy,PRINCIPIOS Y VALORES,3011,2819
Jujuy,PRINCIPIOS Y VALORES,3012,9
Jujuy,PRINCIPIOS Y VALORES,3013,6
Jujuy,PRINCIPIOS Y VALORES,3014,4
Jujuy,PRINCIPIOS Y VALORES,3015,21
Jujuy,PROYECTO JOVEN,3022,13
Jujuy,PROYECTO JOVEN,3023,6
Jujuy,PROYECTO JOVEN,3024,2
Jujuy,UNION DEL CENTRO DEMOCRATICO,3018,5
Jujuy,UNION POR LA PATRIA,3005,71980
Jujuy,UNION POR LA PATRIA,3006,15334
La Pampa,FRENTE DE IZQUIERDA Y DE TRABAJADORES - UNIDAD,3009,2556
La Pampa,FRENTE DE IZQUIERDA Y DE TRABAJADORES - UNIDAD,3010,1139
La Pampa,FRENTE LIBER.AR,3002,162
La Pampa,FRENTE LIBER.AR,3003,1
La Pampa,FRENTE LIBER.AR,3004,7
La Pampa,FRENTE PATRIOTA FEDERAL,3021,578
La Pampa,HACEMOS POR NUESTRO PAIS,3001,7504
La Pampa,JUNTOS POR EL CAMBIO,3007,24899
La Pampa,JUNTOS POR EL CAMBIO,3008,32488
La Pampa,LA LIBERTAD AVANZA,3016,66280
La Pampa,MOVIMIENTO AL SOCIALISMO,3017,1133
La Pampa,MOVIMIENTO DE ACCION VECINAL,3025,447
La Pampa,MOVIMIENTO IZQUIERDA JUVENTUD Y DIGNIDAD,3026,106
La Pampa,MOVIMIENTO IZQUIERDA JUVENTUD Y DIGNIDAD,3027,643
La Pampa,MOVIMIENTO LIBRES DEL SUR,3019,1000
La Pampa,POLITICA OBRERA,3020,756
La Pampa,PRINCIPIOS Y VALORES,3011,1408
La Pampa,PRINCIPIOS Y VALORES,3012,15
La Pampa,PRINCIPIOS Y VALORES,3013,0
La Pampa,PRINCIPIOS Y VALORES,3014,8
La Pampa,PRINCIPIOS Y VALORES,3015,0
La Pampa,PROYECTO JOVEN,3022,4
La Pampa,PROYECTO JOVEN,3023,0
La Pampa,PROYECTO JOVEN,3024,0
La Pampa,UNION DEL CENTRO DEMOCRATICO,3018,23
La Pampa,UNION POR LA PATRIA,3005,45208
La Pampa,UNION POR LA PATRIA,3006,11726
La Rioja,FRENTE DE IZQUIERDA Y DE TRABAJADORES - UNIDAD,3009,1122
La Rioja,FRENTE DE IZQUIERDA Y DE TRABAJADORES - UNIDAD,3010,747
La Rioja,FRENTE LIBER.AR,3002,15
La Rioja,FRENTE LIBER.AR,3003,0
La Rioja,FRENTE LIBER.AR,3004,54
La Rioja,FRENTE PATRIOTA FEDERAL,3021,432
La Rioja,HACEMOS POR NUESTRO PAIS,3001,13371
La Rioja,JUNTOS POR EL CAMBIO,3007,20483
La Rioja,JUNTOS POR EL CAMBIO,3008,18176
La Rioja,LA LIBERTAD AVANZA,3016,69607
La Rioja,MOVIMIENTO AL SOCIALISMO,3017,564
La Rioja,MOVIMIENTO DE ACCION VECINAL,3025,336
La Rioja,MOVIMIENTO IZQUIERDA JUVENTUD Y DIGNIDAD,3026,28
La Rioja,MOVIMIENTO IZQUIERDA JUVENTUD Y DIGNIDAD,3027,335
La Rioja,MOVIMIENTO LIBRES DEL SUR,3019,723
La Rioja,POLITICA OBRERA,3020,426
La Rioja,PRINCIPIOS Y VALORES,3011,428
La Rioja,PRINCIPIOS Y VALORES,3012,0
La Rioja,PRINCIPIOS Y VALORES,3013,0
La Rioja,PRINCIPIOS Y VALORES,3014,0
La Rioja,PRINCIPIOS Y VALORES,3015,6
La Rioja,PROYECTO JOVEN,3022,6
La Rioja,PROYECTO JOVEN,3023,4
La Rioja,PROYECTO JOVEN,3024,0
La Rioja,UNION DEL CENTRO DEMOCRATICO,3018,484
La Rioja,UNION POR LA PATRIA,3005,53814
La Rioja,UNION POR LA PATRIA,3006,6346
Mendoza,FRENTE DE IZQUIERDA Y DE TRABAJADORES - UNIDAD,3009,24852
Mendoza,FRENTE DE IZQUIERDA Y DE TRABAJADORES - UNIDAD,3010,6600
Mendoza,FRENTE LIBER.AR,3002,42
Mendoza,FRENTE LIBER.AR,3003,1
Mendoza,FRENTE LIBER.AR,3004,17
Mendoza,FRENTE PATRIOTA FEDERAL,3021,2588
Mendoza,HACEMOS POR NUESTRO PAIS,3001,13858
Mendoza,JUNTOS POR EL CAMBIO,3007,64441
Mendoza,JUNTOS POR EL CAMBIO,3008,229636
Mendoza,LA LIBERTAD AVANZA,3016,466437
Mendoza,MOVIMIENTO AL SOCIALISMO,3017,3986
Mendoza,MOVIMIENTO DE ACCION VECINAL,3025,3416
Mendoza,MOVIMIENTO IZQUIERDA JUVENTUD Y DIGNIDAD,3026,1532
Mendoza,MOVIMIENTO IZQUIERDA JUVENTUD Y DIGNIDAD,3027,2284
Mendoza,MOVIMIENTO LIBRES DEL SUR,3019,15566
Mendoza,POLITICA OBRERA,3020,3041
Mendoza,PRINCIPIOS Y VALORES,3011,7182
Mendoza,PRINCIPIOS Y VALORES,3012,43
Mendoza,PRINCIPIOS Y VALORES,3013,26
Mendoza,PRINCIPIOS Y VALORES,3014,22
Mendoza,PRINCIPIOS Y VALORES,3015,32
Mendoza,PROYECTO JOVEN,3022,41
Mendoza,PROYECTO JOVEN,3023,4
Mendoza,PROYECTO JOVEN,3024,0
Mendoza,UNION DEL CENTRO DEMOCRATICO,3018,101
Mendoza,UNION POR LA PATRIA,3005,140766
Mendoza,UNION POR LA PATRIA,3006,34756
Misiones,FRENTE DE IZQUIERDA Y DE TRABAJADORES - UNIDAD,3009,4964
Misiones,FRENTE DE IZQUIERDA Y DE TRABAJADORES - UNIDAD,3010,3710
Misiones,FRENTE LIBER.AR,3002,183
Misiones,FRENTE LIBER.AR,3003,135
Misiones,FRENTE LIBER.AR,3004,118
Misiones,FRENTE PATRIOTA FEDERAL,3021,3051
Misiones,HACEMOS POR NUESTRO PAIS,3001,8610
Misiones,JUNTOS POR EL CAMBIO,3007,40072
Misiones,JUNTOS POR EL CAMBIO,3008,82456
Misiones,LA LIBERTAD AVANZA,3016,277899
Misiones,MOVIMIENTO AL SOCIALISMO,3017,3704
Misiones,MOVIMIENTO DE ACCION VECINAL,3025,1947
Misiones,MOVIMIENTO IZQUIERDA JUVENTUD Y DIGNIDAD,3026,533
Misiones,MOVIMIENTO IZQUIERDA JUVENTUD Y DIGNIDAD,3027,1039
Misiones,MOVIMIENTO LIBRES DEL SUR,3019,4740
Misiones,POLITICA OBRERA,3020,3054
Misiones,PRINCIPIOS Y VALORES,3011,3938
Misiones,PRINCIPIOS Y VALORES,3012,30
Misiones,PRINCIPIOS Y VALORES,3013,14
Misiones,PRINCIPIOS Y VALORES,3014,25
Misiones,PRINCIPIOS Y VALORES,3015,36
Misiones,PROYECTO JOVEN,3022,62
Misiones,PROYECTO JOVEN,3023,26
Misiones,PROYECTO JOVEN,3024,19
Misiones,UNION DEL CENTRO DEMOCRATICO,3018,54
Misiones,UNION POR LA PATRIA,3005,157074
Misiones,UNION POR LA PATRIA,3006,18296
Neuquén,FRENTE DE IZQUIERDA Y DE TRABAJADORES - UNIDAD,3009,13715
Neuquén,FRENTE DE IZQUIERDA Y DE TRABAJADORES - UNIDAD,3010,5132
Neuquén,FRENTE PATRIOTA FEDERAL,3021,1851
Neuquén,HACEMOS POR NUESTRO PAIS,3001,7038
Neuquén,JUNTOS POR EL CAMBIO,3007,33444
Neuquén,JUNTOS POR EL CAMBIO,3008,57819
Neuquén,LA LIBERTAD AVANZA,3016,156147
Neuquén,MOVIMIENTO AL SOCIALISMO,3017,3053
Neuquén,MOVIMIENTO DE ACCION VECINAL,3025,1268
Neuquén,MOVIMIENTO IZQUIERDA JUVENTUD Y DIGNIDAD,3027,1612
Neuquén,MOVIMIENTO LIBRES DEL SUR,3019,13064
Neuquén,POLITICA OBRERA,3020,2024
Neuquén,PRINCIPIOS Y VALORES,3011,4232
Neuquén,UNION POR LA PATRIA,3005,57483
Neuquén,UNION POR LA PATRIA,3006,21541
Río Negro,FRENTE DE IZQUIERDA Y DE TRABAJADORES - UNIDAD,3009,9471
Río Negro,FRENTE DE IZQUIERDA Y DE TRABAJADORES - UNIDAD,3010,3759
Río Negro,FRENTE LIBER.AR,3002,24
Río Negro,FRENTE LIBER.AR,3003,15
Río Negro,FRENTE LIBER.AR,3004,47
Río Negro,FRENTE PATRIOTA FEDERAL,3021,27
Río Negro,HACEMOS POR NUESTRO PAIS,3001,8232
Río Negro,JUNTOS POR EL CAMBIO,3007,31520
Río Negro,JUNTOS POR EL CAMBIO,3008,52712
Río Negro,LA LIBERTAD AVANZA,3016,148437
Río Negro,MOVIMIENTO AL SOCIALISMO,3017,3128
Río Negro,MOVIMIENTO DE ACCION VECINAL,3025,1767
Río Negro,MOVIMIENTO IZQUIERDA JUVENTUD Y DIGNIDAD,3026,188
Río Negro,MOVIMIENTO IZQUIERDA JUVENTUD Y DIGNIDAD,3027,986
Río Negro,MOVIMIENTO LIBRES DEL SUR,3019,5013
Río Negro,POLITICA OBRERA,3020,2378
Río Negro,PRINCIPIOS Y VALORES,3011,3364
Río Negro,PRINCIPIOS Y VALORES,3012,32
Río Negro,PRINCIPIOS Y VALORES,3013,12
Río Negro,PRINCIPIOS Y VALORES,3014,13
Río Negro,PRINCIPIOS Y VALORES,3015,12
Río Negro,PROYECTO JOVEN,3022,34
Río Negro,PROYECTO JOVEN,3023,261
Río Negro,PROYECTO JOVEN,3024,10
Río Negro,UNION DEL CENTRO DEMOCRATICO,3018,21
Río Negro,UNION POR LA PATRIA,3005,72012
Río Negro,UNION POR LA PATRIA,3006,34246
Salta,FRENTE DE IZQUIERDA Y DE TRABAJADORES - UNIDAD,3009,5057
Salta,FRENTE DE IZQUIERDA Y DE TRABAJADORES - UNIDAD,3010,7278
Salta,FRENTE LIBER.AR,3002,40
Salta,FRENTE LIBER.AR,3003,9
Salta,FRENTE LIBER.AR,3004,19
Salta,FRENTE PATRIOTA FEDERAL,3021,1363
Salta,HACEMOS POR NUESTRO PAIS,3001,12820
Salta,JUNTOS POR EL CAMBIO,3007,44453
Salta,JUNTOS POR EL CAMBIO,3008,66556
Salta,LA LIBERTAD AVANZA,3016,318910
Salta,MOVIMIENTO AL SOCIALISMO,3017,1887
Salta,MOVIMIENTO DE ACCION VECINAL,3025,1282
Salta,MOVIMIENTO IZQUIERDA JUVENTUD Y DIGNIDAD,3026,1263
Salta,MOVIMIENTO IZQUIERDA JUVENTUD Y DIGNIDAD,3027,1277
Salta,MOVIMIENTO LIBRES DEL SUR,3019,8012
Salta,POLITICA OBRERA,3020,3884
Salta,PRINCIPIOS Y VALORES,3011,2142
Salta,PRINCIPIOS Y VALORES,3012,24
Salta,PRINCIPIOS Y VALORES,3013,5
Salta,PRINCIPIOS Y VALORES,3014,6
Salta,PRINCIPIOS Y VALORES,3015,17
Salta,PROYECTO JOVEN,3022,608
Salta,PROYECTO JOVEN,3023,27
Salta,PROYECTO JOVEN,3024,14
Salta,UNION DEL CENTRO DEMOCRATICO,3018,47
Salta,UNION POR LA PATRIA,3005,137998
Salta,UNION POR LA PATRIA,3006,17839
San Juan,FRENTE DE IZQUIERDA Y DE TRABAJADORES - UNIDAD,3009,3244
San Juan,FRENTE DE IZQUIERDA Y DE TRABAJADORES - UNIDAD,3010,2259
San Juan,FRENTE LIBER.AR,3002,7
San Juan,FRENTE LIBER.AR,3003,10
San Juan,FRENTE LIBER.AR,3004,128
San Juan,FRENTE PATRIOTA FEDERAL,3021,1187
San Juan,HACEMOS POR NUESTRO PAIS,3001,6896
San Juan,JUNTOS POR EL CAMBIO,3007,63523
San Juan,JUNTOS POR EL CAMBIO,3008,53926
San Juan,LA LIBERTAD AVANZA,3016,143858
San Juan,MOVIMIENTO AL SOCIALISMO,3017,1130
San Juan,MOVIMIENTO DE ACCION VECINAL,3025,961
San Juan,MOVIMIENTO IZQUIERDA JUVENTUD Y DIGNIDAD,3026,1028
San Juan,MOVIMIENTO IZQUIERDA JUVENTUD Y DIGNIDAD,3027,1434
San Juan,MOVIMIENTO LIBRES DEL SUR,3019,2838
San Juan,POLITICA OBRERA,3020,1251
San Juan,PRINCIPIOS Y VALORES,3011,1037
San Juan,PRINCIPIOS Y VALORES,3012,3
San Juan,PRINCIPIOS Y VALORES,3013,1
San Juan,PRINCIPIOS Y VALORES,3014,1
San Juan,PRINCIPIOS Y VALORES,3015,1
San Juan,PROYECTO JOVEN,3022,15
San Juan,PROYECTO JOVEN,3023,1
San Juan,PROYECTO JOVEN,3024,1
San Juan,UNION DEL CENTRO DEMOCRATICO,3018,5
San Juan,UNION POR LA PATRIA,3005,95443
San Juan,UNION POR LA PATRIA,3006,26841
San Luis,FRENTE DE IZQUIERDA Y DE TRABAJADORES - UNIDAD,3009,3006
San Luis,FRENTE DE IZQUIERDA Y DE TRABAJADORES - UNIDAD,3010,935
San Luis,FRENTE LIBER.AR,3002,186
San Luis,FRENTE LIBER.AR,3003,21
San Luis,FRENTE LIBER.AR,3004,13
San Luis,FRENTE PATRIOTA FEDERAL,3021,1127
San Luis,HACEMOS POR NUESTRO PAIS,3001,8263
San Luis,JUNTOS POR EL CAMBIO,3007,33194
San Luis,JUNTOS POR EL CAMBIO,3008,33385
San Luis,LA LIBERTAD AVANZA,3016,135471
San Luis,MOVIMIENTO AL SOCIALISMO,3017,874
San Luis,MOVIMIENTO DE ACCION VECINAL,3025,803
San Luis,MOVIMIENTO IZQUIERDA JUVENTUD Y DIGNIDAD,3026,598
San Luis,MOVIMIENTO IZQUIERDA JUVENTUD Y DIGNIDAD,3027,666
San Luis,MOVIMIENTO LIBRES DEL SUR,3019,2769
San Luis,POLITICA OBRERA,3020,987
San Luis,PRINCIPIOS Y VALORES,3011,1189
San Luis,PRINCIPIOS Y VALORES,3012,7
San Luis,PRINCIPIOS Y VALORES,3013,14
San Luis,PRINCIPIOS Y VALORES,3014,11
San Luis,PRINCIPIOS Y VALORES,3015,6
San Luis,PROYECTO JOVEN,3022,17
San Luis,PROYECTO JOVEN,3023,13
San Luis,PROYECTO JOVEN,3024,9
San Luis,UNION DEL CENTRO DEMOCRATICO,3018,27
San Luis,UNION POR LA PATRIA,3005,38315
San Luis,UNION POR LA PATRIA,3006,10999
Santa Cruz,FRENTE DE IZQUIERDA Y DE TRABAJADORES - UNIDAD,3009,1856
Santa Cruz,FRENTE DE IZQUIERDA Y DE TRABAJADORES - UNIDAD,3010,1438
Santa Cruz,FRENTE LIBER.AR,3002,11
Santa Cruz,FRENTE LIBER.AR,3003,0
Santa Cruz,FRENTE LIBER.AR,3004,1
Santa Cruz,FRENTE PATRIOTA FEDERAL,3021,209
Santa Cruz,HACEMOS POR NUESTRO PAIS,3001,3679
Santa Cruz,JUNTOS POR EL CAMBIO,3007,10604
Santa Cruz,JUNTOS POR EL CAMBIO,3008,17507
Santa Cruz,LA LIBERTAD AVANZA,3016,52189
Santa Cruz,MOVIMIENTO AL SOCIALISMO,3017,414
Santa Cruz,MOVIMIENTO DE ACCION VECINAL,3025,138
Santa Cruz,MOVIMIENTO IZQUIERDA JUVENTUD Y DIGNIDAD,3026,25
Santa Cruz,MOVIMIENTO IZQUIERDA JUVENTUD Y DIGNIDAD,3027,334
Santa Cruz,MOVIMIENTO LIBRES DEL SUR,3019,607
Santa Cruz,POLITICA OBRERA,3020,403
Santa Cruz,PRINCIPIOS Y VALORES,3011,65
Santa Cruz,PRINCIPIOS Y VALORES,3012,0
Santa Cruz,PRINCIPIOS Y VALORES,3013,0
Santa Cruz,PRINCIPIOS Y VALORES,3014,0
Santa Cruz,PRINCIPIOS Y VALORES,3015,0
Santa Cruz,PROYECTO JOVEN,3022,1
Santa Cruz,PROYECTO JOVEN,3023,3
Santa Cruz,PROYECTO JOVEN,3024,0
Santa Cruz,UNION DEL CENTRO DEMOCRATICO,3018,4
Santa Cruz,UNION POR LA PATRIA,3005,29622
Santa Cruz,UNION POR LA PATRIA,3006,8857
Santa Fe,FRENTE DE IZQUIERDA Y DE TRABAJADORES - UNIDAD,3009,21601
Santa Fe,FRENTE DE IZQUIERDA Y DE TRABAJADORES - UNIDAD,3010,9244
Santa Fe,FRENTE LIBER.AR,3002,806
Santa Fe,FRENTE LIBER.AR,3003,2359
Santa Fe,FRENTE LIBER.AR,3004,853
Santa Fe,FRENTE PATRIOTA FEDERAL,3021,2406
Santa Fe,HACEMOS POR NUESTRO PAIS,3001,67563
Santa Fe,JUNTOS POR EL CAMBIO,3007,210334
Santa Fe,JUNTOS POR EL CAMBIO,3008,369533
Santa Fe,LA LIBERTAD AVANZA,3016,646315
Santa Fe,MOVIMIENTO AL SOCIALISMO,3017,5554
Santa Fe,MOVIMIENTO DE ACCION VECINAL,3025,2288
Santa Fe,MOVIMIENTO IZQUIERDA JUVENTUD Y DIGNIDAD,3026,2225
Santa Fe,MOVIMIENTO IZQUIERDA JUVENTUD Y DIGNIDAD,3027,4468
Santa Fe,MOVIMIENTO LIBRES DEL SUR,3019,5606
Santa Fe,POLITICA OBRERA,3020,3578
Santa Fe,PRINCIPIOS Y VALORES,3011,25979
Santa Fe,PRINCIPIOS Y VALORES,3012,217
Santa Fe,PRINCIPIOS Y VALORES,3013,41
Santa Fe,PRINCIPIOS Y VALORES,3014,34
Santa Fe,PRINCIPIOS Y VALORES,3015,36
Santa Fe,PROYECTO JOVEN,3022,1217
Santa Fe,PROYECTO JOVEN,3023,244
Santa Fe,PROYECTO JOVEN,3024,455
Santa Fe,UNION DEL CENTRO DEMOCRATICO,3018,1218
Santa Fe,UNION POR LA PATRIA,3005,301725
Santa Fe,UNION POR LA PATRIA,3006,85140
Santiago del Estero,FRENTE DE IZQUIERDA Y DE TRABAJADORES - UNIDAD,3009,2890
Santiago del Estero,FRENTE DE IZQUIERDA Y DE TRABAJADORES - UNIDAD,3010,2716
Santiago del Estero,FRENTE LIBER.AR,3002,33
Santiago del Estero,FRENTE LIBER.AR,3003,8
Santiago del Estero,FRENTE LIBER.AR,3004,278
Santiago del Estero,FRENTE PATRIOTA FEDERAL,3021,790
Santiago del Estero,HACEMOS POR NUESTRO PAIS,3001,7605
Santiago del Estero,JUNTOS POR EL CAMBIO,3007,24260
Santiago del Estero,JUNTOS POR EL CAMBIO,3008,31652
Santiago del Estero,LA LIBERTAD AVANZA,3016,142042
Santiago del Estero,MOVIMIENTO AL SOCIALISMO,3017,1644
Santiago del Estero,MOVIMIENTO DE ACCION VECINAL,3025,808
Santiago del Estero,MOVIMIENTO IZQUIERDA JUVENTUD Y DIGNIDAD,3026,549
Santiago del Estero,MOVIMIENTO IZQUIERDA JUVENTUD Y DIGNIDAD,3027,731
Santiago del Estero,MOVIMIENTO LIBRES DEL SUR,3019,10260
Santiago del Estero,POLITICA OBRERA,3020,1192
Santiago del Estero,PRINCIPIOS Y VALORES,3011,11
Santiago del Estero,PRINCIPIOS Y VALORES,3012,0
Santiago del Estero,PRINCIPIOS Y VALORES,3013,0
Santiago del Estero,PRINCIPIOS Y VALORES,3014,0
Santiago del Estero,PRINCIPIOS Y VALORES,3015,2
Santiago del Estero,PROYECTO JOVEN,3022,23
Santiago del Estero,PROYECTO JOVEN,3023,51
Santiago del Estero,PROYECTO JOVEN,3024,4
Santiago del Estero,UNION DEL CENTRO DEMOCRATICO,3018,2
Santiago del Estero,UNION POR LA PATRIA,3005,272293
Santiago del Estero,UNION POR LA PATRIA,3006,8270
"Tierra del Fuego, Antártida e Islas del Atlántico Sur",FRENTE DE IZQUIERDA Y DE TRABAJADORES - UNIDAD,3009,2074
"Tierra del Fuego, Antártida e Islas del Atlántico Sur",FRENTE DE IZQUIERDA Y DE TRABAJADORES - UNIDAD,3010,629
"Tierra del Fuego, Antártida e Islas del Atlántico Sur",FRENTE LIBER.AR,3002,0
"Tierra del Fuego, Antártida e Islas del Atlántico Sur",FRENTE LIBER.AR,3003,6
"Tierra del Fuego, Antártida e Islas del Atlántico Sur",FRENTE LIBER.AR,3004,0
"Tierra del Fuego, Antártida e Islas del Atlántico Sur",FRENTE PATRIOTA FEDERAL,3021,12
"Tierra del Fuego, Antártida e Islas del Atlántico Sur",HACEMOS POR NUESTRO PAIS,3001,4315
"Tierra del Fuego, Antártida e Islas del Atlántico Sur",JUNTOS POR EL CAMBIO,3007,9341
"Tierra del Fuego, Antártida e Islas del Atlántico Sur",JUNTOS POR EL CAMBIO,3008,11704
"Tierra del Fuego, Antártida e Islas del Atlántico Sur",LA LIBERTAD AVANZA,3016,35697
"Tierra del Fuego, Antártida e Islas del Atlántico Sur",MOVIMIENTO AL SOCIALISMO,3017,842
"Tierra del Fuego, Antártida e Islas del Atlántico Sur",MOVIMIENTO DE ACCION VECINAL,3025,479
"Tierra del Fuego, Antártida e Islas del Atlántico Sur",MOVIMIENTO IZQUIERDA JUVENTUD Y DIGNIDAD,3026,9
"Tierra del Fuego, Antártida e Islas del Atlántico Sur",MOVIMIENTO IZQUIERDA JUVENTUD Y DIGNIDAD,3027,16
"Tierra del Fuego, Antártida e Islas del Atlántico Sur",MOVIMIENTO LIBRES DEL SUR,3019,676
"Tierra del Fuego, Antártida e Islas del Atlántico Sur",POLITICA OBRERA,3020,726
"Tierra del Fuego, Antártida e Islas del Atlántico Sur",PRINCIPIOS Y VALORES,3011,1848
"Tierra del Fuego, Antártida e Islas del Atlántico Sur",PRINCIPIOS Y VALORES,3012,7
"Tierra del Fuego, Antártida e Islas del Atlántico Sur",PRINCIPIOS Y VALORES,3013,0
"Tierra del Fuego, Antártida e Islas del Atlántico Sur",PRINCIPIOS Y VALORES,3014,0
"Tierra del Fuego, Antártida e Islas del Atlántico Sur",PRINCIPIOS Y VALORES,3015,1
"Tierra del Fuego, Antártida e Islas del Atlántico Sur",PROYECTO JOVEN,3022,0
"Tierra del Fuego, Antártida e Islas del Atlántico Sur",PROYECTO JOVEN,3023,1
"Tierra del Fuego, Antártida e Islas del Atlántico Sur",PROYECTO JOVEN,3024,6
"Tierra del Fuego, Antártida e Islas del Atlántico Sur",UNION DEL CENTRO DEMOCRATICO,3018,7
"Tierra del Fuego, Antártida e Islas del Atlántico Sur",UNION POR LA PATRIA,3005,22786
"Tierra del Fuego, Antártida e Islas del Atlántico Sur",UNION POR LA PATRIA,3006,6814
Tucumán,FRENTE DE IZQUIERDA Y DE TRABAJADORES - UNIDAD,3009,10118
Tucumán,FRENTE DE IZQUIERDA Y DE TRABAJADORES - UNIDAD,3010,5911
Tucumán,FRENTE LIBER.AR,3002,90
Tucumán,FRENTE LIBER.AR,3003,138
Tucumán,FRENTE LIBER.AR,3004,286
Tucumán,FRENTE PATRIOTA FEDERAL,3021,2889
Tucumán,HACEMOS POR NUESTRO PAIS,3001,11302
Tucumán,JUNTOS POR EL CAMBIO,3007,102145
Tucumán,JUNTOS POR EL CAMBIO,3008,104824
Tucumán,LA LIBERTAD AVANZA,3016,342681
Tucumán,MOVIMIENTO AL SOCIALISMO,3017,2971
Tucumán,MOVIMIENTO DE ACCION VECINAL,3025,1972
Tucumán,MOVIMIENTO IZQUIERDA JUVENTUD Y DIGNIDAD,3026,1625
Tucumán,MOVIMIENTO IZQUIERDA JUVENTUD Y DIGNIDAD,3027,1580
Tucumán,MOVIMIENTO LIBRES DEL SUR,3019,15445
Tucumán,POLITICA OBRERA,3020,3349
Tucumán,PRINCIPIOS Y VALORES,3011,1956
Tucumán,PRINCIPIOS Y VALORES,3012,66
Tucumán,PRINCIPIOS Y VALORES,3013,16
Tucumán,PRINCIPIOS Y VALORES,3014,10
Tucumán,PRINCIPIOS Y VALORES,3015,51
Tucumán,PROYECTO JOVEN,3022,23
Tucumán,PROYECTO JOVEN,3023,6
Tucumán,PROYECTO JOVEN,3024,17
Tucumán,UNION DEL CENTRO DEMOCRATICO,3018,33
Tucumán,UNION POR LA PATRIA,3005,279766
Tucumán,UNION POR LA PATRIA,3006,33319
