distrito_nombre,agrupacion_nombre,lista_numero,votos_cantidad,eleccion
Buenos Aires,FRENTE DE IZQUIERDA Y DE TRABAJADORES - UNIDAD,3009.0,209110,PASO
Buenos Aires,FRENTE DE IZQUIERDA Y DE TRABAJADORES - UNIDAD,3010.0,84491,PASO
Buenos Aires,FRENTE LIBER.AR,3002.0,4675,PASO
Buenos Aires,FRENTE LIBER.AR,3003.0,10159,PASO
Buenos Aires,FRENTE LIBER.AR,3004.0,989,PASO
Buenos Aires,FRENTE PATRIOTA FEDERAL,3021.0,19974,PASO
Buenos Aires,HACEMOS POR NUESTRO PAIS,3001.0,97586,PASO
Buenos Aires,JUNTOS POR EL CAMBIO,3007.0,1118933,PASO
Buenos Aires,JUNTOS POR EL CAMBIO,3008.0,1448907,PASO
Buenos Aires,LA LIBERTAD AVANZA,3016.0,2161679,PASO
Buenos Aires,MOVIMIENTO AL SOCIALISMO,3017.0,32230,PASO
Buenos Aires,MOVIMIENTO DE ACCION VECINAL,3025.0,12795,PASO
Buenos Aires,MOVIMIENTO IZQUIERDA JUVENTUD Y DIGNIDAD,3026.0,9405,PASO
Buenos Aires,MOVIMIENTO IZQUIERDA JUVENTUD Y DIGNIDAD,3027.0,25324,PASO
Buenos Aires,MOVIMIENTO LIBRES DEL SUR,3019.0,41840,PASO
Buenos Aires,POLITICA OBRERA,3020.0,19572,PASO
Buenos Aires,PRINCIPIOS Y VALORES,3011.0,77614,PASO
Buenos Aires,PROYECTO JOVEN,3022.0,7317,PASO
Buenos Aires,PROYECTO JOVEN,3023.0,7060,PASO
Buenos Aires,PROYECTO JOVEN,3024.0,2062,PASO
Buenos Aires,UNION DEL CENTRO DEMOCRATICO,3018.0,7400,PASO
Buenos Aires,UNION POR LA PATRIA,3005.0,2069920,PASO
Buenos Aires,UNION POR LA PATRIA,3006.0,761158,PASO
Catamarca,FRENTE DE IZQUIERDA Y DE TRABAJADORES - UNIDAD,3009.0,1222,PASO
Catamarca,FRENTE DE IZQUIERDA Y DE TRABAJADORES - UNIDAD,3010.0,1580,PASO
Catamarca,FRENTE LIBER.AR,3002.0,7,PASO
Catamarca,FRENTE LIBER.AR,3003.0,1,PASO
Catamarca,FRENTE LIBER.AR,3004.0,57,PASO
Catamarca,FRENTE PATRIOTA FEDERAL,3021.0,394,PASO
Catamarca,HACEMOS POR NUESTRO PAIS,3001.0,3530,PASO
Catamarca,JUNTOS POR EL CAMBIO,3007.0,20498,PASO
Catamarca,JUNTOS POR EL CAMBIO,3008.0,24046,PASO
Catamarca,LA LIBERTAD AVANZA,3016.0,53778,PASO
Catamarca,MOVIMIENTO AL SOCIALISMO,3017.0,557,PASO
Catamarca,MOVIMIENTO DE ACCION VECINAL,3025.0,385,PASO
Catamarca,MOVIMIENTO IZQUIERDA JUVENTUD Y DIGNIDAD,3026.0,264,PASO
Catamarca,MOVIMIENTO IZQUIERDA JUVENTUD Y DIGNIDAD,3027.0,323,PASO
Catamarca,MOVIMIENTO LIBRES DEL SUR,3019.0,1245,PASO
Catamarca,POLITICA OBRERA,3020.0,745,PASO
Catamarca,PRINCIPIOS Y VALORES,3011.0,67,PASO
Catamarca,PRINCIPIOS Y VALORES,3012.0,7,PASO
Catamarca,PRINCIPIOS Y VALORES,3013.0,3,PASO
Catamarca,PRINCIPIOS Y VALORES,3014.0,3,PASO
Catamarca,PRINCIPIOS Y VALORES,3015.0,1,PASO
Catamarca,PROYECTO JOVEN,3022.0,13,PASO
Catamarca,PROYECTO JOVEN,3023.0,4,PASO
Catamarca,PROYECTO JOVEN,3024.0,3,PASO
Catamarca,UNION DEL CENTRO DEMOCRATICO,3018.0,17,PASO
Catamarca,UNION POR LA PATRIA,3005.0,83099,PASO
Catamarca,UNION POR LA PATRIA,3006.0,4414,PASO
Chaco,FRENTE DE IZQUIERDA Y DE TRABAJADORES - UNIDAD,3009.0,3585,PASO
Chaco,FRENTE DE IZQUIERDA Y DE TRABAJADORES - UNIDAD,3010.0,4125,PASO
Chaco,FRENTE LIBER.AR,3002.0,46,PASO
Chaco,FRENTE LIBER.AR,3003.0,77,PASO
Chaco,FRENTE LIBER.AR,3004.0,130,PASO
Chaco,FRENTE PATRIOTA FEDERAL,3021.0,1490,PASO
Chaco,HACEMOS POR NUESTRO PAIS,3001.0,8833,PASO
Chaco,JUNTOS POR EL CAMBIO,3007.0,69529,PASO
Chaco,JUNTOS POR EL CAMBIO,3008.0,96192,PASO
Chaco,LA LIBERTAD AVANZA,3016.0,180599,PASO
Chaco,MOVIMIENTO AL SOCIALISMO,3017.0,2437,PASO
Chaco,MOVIMIENTO DE ACCION VECINAL,3025.0,1211,PASO
Chaco,MOVIMIENTO IZQUIERDA JUVENTUD Y DIGNIDAD,3026.0,1108,PASO
Chaco,MOVIMIENTO IZQUIERDA JUVENTUD Y DIGNIDAD,3027.0,1156,PASO
Chaco,MOVIMIENTO LIBRES DEL SUR,3019.0,6141,PASO
Chaco,POLITICA OBRERA,3020.0,2035,PASO
Chaco,PRINCIPIOS Y VALORES,3011.0,4150,PASO
Chaco,PRINCIPIOS Y VALORES,3012.0,44,PASO
Chaco,PRINCIPIOS Y VALORES,3013.0,15,PASO
Chaco,PRINCIPIOS Y VALORES,3014.0,9,PASO
Chaco,PRINCIPIOS Y VALORES,3015.0,14,PASO
Chaco,PROYECTO JOVEN,3022.0,39,PASO
Chaco,PROYECTO JOVEN,3023.0,84,PASO
Chaco,PROYECTO JOVEN,3024.0,6,PASO
Chaco,UNION DEL CENTRO DEMOCRATICO,3018.0,21,PASO
Chaco,UNION POR LA PATRIA,3005.0,199837,PASO
Chaco,UNION POR LA PATRIA,3006.0,16420,PASO
Chubut,FRENTE DE IZQUIERDA Y DE TRABAJADORES - UNIDAD,3009.0,6656,PASO
Chubut,FRENTE DE IZQUIERDA Y DE TRABAJADORES - UNIDAD,3010.0,3763,PASO
Chubut,FRENTE LIBER.AR,3002.0,6,PASO
Chubut,FRENTE LIBER.AR,3003.0,63,PASO
Chubut,FRENTE LIBER.AR,3004.0,90,PASO
Chubut,FRENTE PATRIOTA FEDERAL,3021.0,905,PASO
Chubut,HACEMOS POR NUESTRO PAIS,3001.0,7587,PASO
Chubut,JUNTOS POR EL CAMBIO,3007.0,29818,PASO
Chubut,JUNTOS POR EL CAMBIO,3008.0,46785,PASO
Chubut,LA LIBERTAD AVANZA,3016.0,124030,PASO
Chubut,MOVIMIENTO AL SOCIALISMO,3017.0,1959,PASO
Chubut,MOVIMIENTO DE ACCION VECINAL,3025.0,819,PASO
Chubut,MOVIMIENTO IZQUIERDA JUVENTUD Y DIGNIDAD,3026.0,128,PASO
Chubut,MOVIMIENTO IZQUIERDA JUVENTUD Y DIGNIDAD,3027.0,1022,PASO
Chubut,MOVIMIENTO LIBRES DEL SUR,3019.0,1926,PASO
Chubut,POLITICA OBRERA,3020.0,1367,PASO
Chubut,PRINCIPIOS Y VALORES,3011.0,3094,PASO
Chubut,PRINCIPIOS Y VALORES,3013.0,15,PASO
Chubut,PRINCIPIOS Y VALORES,3014.0,1,PASO
Chubut,PRINCIPIOS Y VALORES,3015.0,17,PASO
Chubut,PROYECTO JOVEN,3022.0,27,PASO
Chubut,PROYECTO JOVEN,3023.0,26,PASO
Chubut,PROYECTO JOVEN,3024.0,22,PASO
Chubut,UNION DEL CENTRO DEMOCRATICO,3018.0,96,PASO
Chubut,UNION POR LA PATRIA,3005.0,52536,PASO
Chubut,UNION POR LA PATRIA,3006.0,19294,PASO
Ciudad Autónoma de Buenos Aires,FRENTE DE IZQUIERDA Y DE TRABAJADORES - UNIDAD,3009.0,62254,PASO
Ciudad Autónoma de Buenos Aires,FRENTE DE IZQUIERDA Y DE TRABAJADORES - UNIDAD,3010.0,15760,PASO
Ciudad Autónoma de Buenos Aires,FRENTE LIBER.AR,3002.0,41,PASO
Ciudad Autónoma de Buenos Aires,FRENTE LIBER.AR,3003.0,21,PASO
Ciudad Autónoma de Buenos Aires,FRENTE LIBER.AR,3004.0,105,PASO
Ciudad Autónoma de Buenos Aires,FRENTE PATRIOTA FEDERAL,3021.0,2715,PASO
Ciudad Autónoma de Buenos Aires,HACEMOS POR NUESTRO PAIS,3001.0,15886,PASO
Ciudad Autónoma de Buenos Aires,JUNTOS POR EL CAMBIO,3007.0,337254,PASO
Ciudad Autónoma de Buenos Aires,JUNTOS POR EL CAMBIO,3008.0,476010,PASO
Ciudad Autónoma de Buenos Aires,LA LIBERTAD AVANZA,3016.0,299097,PASO
Ciudad Autónoma de Buenos Aires,MOVIMIENTO AL SOCIALISMO,3017.0,7198,PASO
Ciudad Autónoma de Buenos Aires,MOVIMIENTO DE ACCION VECINAL,3025.0,2691,PASO
Ciudad Autónoma de Buenos Aires,MOVIMIENTO IZQUIERDA JUVENTUD Y DIGNIDAD,3026.0,1249,PASO
Ciudad Autónoma de Buenos Aires,MOVIMIENTO IZQUIERDA JUVENTUD Y DIGNIDAD,3027.0,4937,PASO
Ciudad Autónoma de Buenos Aires,MOVIMIENTO LIBRES DEL SUR,3019.0,3754,PASO
Ciudad Autónoma de Buenos Aires,POLITICA OBRERA,3020.0,4454,PASO
Ciudad Autónoma de Buenos Aires,PRINCIPIOS Y VALORES,3011.0,22233,PASO
Ciudad Autónoma de Buenos Aires,PROYECTO JOVEN,3022.0,18,PASO
Ciudad Autónoma de Buenos Aires,PROYECTO JOVEN,3023.0,20,PASO
Ciudad Autónoma de Buenos Aires,PROYECTO JOVEN,3024.0,23,PASO
Ciudad Autónoma de Buenos Aires,UNION DEL CENTRO DEMOCRATICO,3018.0,2230,PASO
Ciudad Autónoma de Buenos Aires,UNION POR LA PATRIA,3005.0,276942,PASO
Ciudad Autónoma de Buenos Aires,UNION POR LA PATRIA,3006.0,120112,PASO
Corrientes,FRENTE DE IZQUIERDA Y DE TRABAJADORES - UNIDAD,3009.0,3836,PASO
Corrientes,FRENTE DE IZQUIERDA Y DE TRABAJADORES - UNIDAD,3010.0,2219,PASO
Corrientes,FRENTE LIBER.AR,3002.0,34,PASO
Corrientes,FRENTE LIBER.AR,3003.0,7,PASO
Corrientes,FRENTE LIBER.AR,3004.0,41,PASO
Corrientes,FRENTE PATRIOTA FEDERAL,3021.0,969,PASO
Corrientes,HACEMOS POR NUESTRO PAIS,3001.0,8929,PASO
Corrientes,JUNTOS POR EL CAMBIO,3007.0,67140,PASO
Corrientes,JUNTOS POR EL CAMBIO,3008.0,145964,PASO
Corrientes,LA LIBERTAD AVANZA,3016.0,181456,PASO
Corrientes,MOVIMIENTO AL SOCIALISMO,3017.0,2686,PASO
Corrientes,MOVIMIENTO DE ACCION VECINAL,3025.0,1358,PASO
Corrientes,MOVIMIENTO IZQUIERDA JUVENTUD Y DIGNIDAD,3026.0,918,PASO
Corrientes,MOVIMIENTO IZQUIERDA JUVENTUD Y DIGNIDAD,3027.0,1169,PASO
Corrientes,MOVIMIENTO LIBRES DEL SUR,3019.0,3770,PASO
Corrientes,POLITICA OBRERA,3020.0,1449,PASO
Corrientes,PRINCIPIOS Y VALORES,3011.0,3189,PASO
Corrientes,PRINCIPIOS Y VALORES,3012.0,53,PASO
Corrientes,PRINCIPIOS Y VALORES,3013.0,17,PASO
Corrientes,PRINCIPIOS Y VALORES,3014.0,13,PASO
Corrientes,PRINCIPIOS Y VALORES,3015.0,14,PASO
Corrientes,PROYECTO JOVEN,3022.0,16,PASO
Corrientes,PROYECTO JOVEN,3023.0,56,PASO
Corrientes,PROYECTO JOVEN,3024.0,3,PASO
Corrientes,UNION DEL CENTRO DEMOCRATICO,3018.0,43,PASO
Corrientes,UNION POR LA PATRIA,3005.0,161865,PASO
Corrientes,UNION POR LA PATRIA,3006.0,20793,PASO
Córdoba,FRENTE DE IZQUIERDA Y DE TRABAJADORES - UNIDAD,3009.0,19752,PASO
Córdoba,FRENTE DE IZQUIERDA Y DE TRABAJADORES - UNIDAD,3010.0,11383,PASO
Córdoba,FRENTE LIBER.AR,3002.0,1512,PASO
Córdoba,FRENTE LIBER.AR,3004.0,1564,PASO
Córdoba,FRENTE PATRIOTA FEDERAL,3021.0,2867,PASO
Córdoba,HACEMOS POR NUESTRO PAIS,3001.0,564182,PASO
Córdoba,JUNTOS POR EL CAMBIO,3007.0,130771,PASO
Córdoba,JUNTOS POR EL CAMBIO,3008.0,384685,PASO
Córdoba,LA LIBERTAD AVANZA,3016.0,688684,PASO
Córdoba,MOVIMIENTO AL SOCIALISMO,3017.0,3893,PASO
Córdoba,MOVIMIENTO DE ACCION VECINAL,3025.0,2471,PASO
Córdoba,MOVIMIENTO IZQUIERDA JUVENTUD Y DIGNIDAD,3026.0,1009,PASO
Córdoba,MOVIMIENTO IZQUIERDA JUVENTUD Y DIGNIDAD,3027.0,2404,PASO
Córdoba,MOVIMIENTO LIBRES DEL SUR,3019.0,4565,PASO
Córdoba,POLITICA OBRERA,3020.0,2123,PASO
Córdoba,PRINCIPIOS Y VALORES,3011.0,10419,PASO
Córdoba,PRINCIPIOS Y VALORES,3012.0,1934,PASO
Córdoba,PRINCIPIOS Y VALORES,3015.0,1431,PASO
Córdoba,PROYECTO JOVEN,3022.0,2144,PASO
Córdoba,PROYECTO JOVEN,3023.0,731,PASO
Córdoba,PROYECTO JOVEN,3024.0,760,PASO
Córdoba,UNION DEL CENTRO DEMOCRATICO,3018.0,61,PASO
Córdoba,UNION POR LA PATRIA,3005.0,126219,PASO
Córdoba,UNION POR LA PATRIA,3006.0,51309,PASO
Entre Ríos,FRENTE DE IZQUIERDA Y DE TRABAJADORES - UNIDAD,3009.0,5671,PASO
Entre Ríos,FRENTE DE IZQUIERDA Y DE TRABAJADORES - UNIDAD,3010.0,4365,PASO
Entre Ríos,FRENTE LIBER.AR,3002.0,201,PASO
Entre Ríos,FRENTE LIBER.AR,3003.0,37,PASO
Entre Ríos,FRENTE LIBER.AR,3004.0,375,PASO
Entre Ríos,FRENTE PATRIOTA FEDERAL,3021.0,1643,PASO
Entre Ríos,HACEMOS POR NUESTRO PAIS,3001.0,9425,PASO
Entre Ríos,JUNTOS POR EL CAMBIO,3007.0,90440,PASO
Entre Ríos,JUNTOS POR EL CAMBIO,3008.0,166823,PASO
Entre Ríos,LA LIBERTAD AVANZA,3016.0,176164,PASO
Entre Ríos,MOVIMIENTO AL SOCIALISMO,3017.0,1885,PASO
Entre Ríos,MOVIMIENTO DE ACCION VECINAL,3025.0,1238,PASO
Entre Ríos,MOVIMIENTO IZQUIERDA JUVENTUD Y DIGNIDAD,3026.0,912,PASO
Entre Ríos,MOVIMIENTO IZQUIERDA JUVENTUD Y DIGNIDAD,3027.0,1343,PASO
Entre Ríos,MOVIMIENTO LIBRES DEL SUR,3019.0,1456,PASO
Entre Ríos,POLITICA OBRERA,3020.0,1477,PASO
Entre Ríos,PRINCIPIOS Y VALORES,3011.0,4767,PASO
Entre Ríos,PRINCIPIOS Y VALORES,3012.0,48,PASO
Entre Ríos,PRINCIPIOS Y VALORES,3013.0,39,PASO
Entre Ríos,PRINCIPIOS Y VALORES,3014.0,15,PASO
Entre Ríos,PRINCIPIOS Y VALORES,3015.0,32,PASO
Entre Ríos,PROYECTO JOVEN,3022.0,64,PASO
Entre Ríos,PROYECTO JOVEN,3023.0,17,PASO
Entre Ríos,PROYECTO JOVEN,3024.0,10,PASO
Entre Ríos,UNION DEL CENTRO DEMOCRATICO,3018.0,52,PASO
Entre Ríos,UNION POR LA PATRIA,3005.0,180436,PASO
Entre Ríos,UNION POR LA PATRIA,3006.0,52134,PASO
Formosa,FRENTE DE IZQUIERDA Y DE TRABAJADORES - UNIDAD,3009.0,1287,PASO
Formosa,FRENTE DE IZQUIERDA Y DE TRABAJADORES - UNIDAD,3010.0,829,PASO
Formosa,FRENTE LIBER.AR,3002.0,45,PASO
Formosa,FRENTE LIBER.AR,3003.0,24,PASO
Formosa,FRENTE LIBER.AR,3004.0,119,PASO
Formosa,FRENTE PATRIOTA FEDERAL,3021.0,470,PASO
Formosa,HACEMOS POR NUESTRO PAIS,3001.0,3208,PASO
Formosa,JUNTOS POR EL CAMBIO,3007.0,22089,PASO
Formosa,JUNTOS POR EL CAMBIO,3008.0,46650,PASO
Formosa,LA LIBERTAD AVANZA,3016.0,80753,PASO
Formosa,MOVIMIENTO AL SOCIALISMO,3017.0,775,PASO
Formosa,MOVIMIENTO DE ACCION VECINAL,3025.0,533,PASO
Formosa,MOVIMIENTO IZQUIERDA JUVENTUD Y DIGNIDAD,3026.0,331,PASO
Formosa,MOVIMIENTO IZQUIERDA JUVENTUD Y DIGNIDAD,3027.0,329,PASO
Formosa,MOVIMIENTO LIBRES DEL SUR,3019.0,1724,PASO
Formosa,POLITICA OBRERA,3020.0,710,PASO
Formosa,PRINCIPIOS Y VALORES,3011.0,4,PASO
Formosa,PRINCIPIOS Y VALORES,3012.0,1,PASO
Formosa,PRINCIPIOS Y VALORES,3013.0,39,PASO
Formosa,PRINCIPIOS Y VALORES,3014.0,31,PASO
Formosa,PRINCIPIOS Y VALORES,3015.0,19,PASO
Formosa,PROYECTO JOVEN,3022.0,38,PASO
Formosa,PROYECTO JOVEN,3023.0,39,PASO
Formosa,PROYECTO JOVEN,3024.0,20,PASO
Formosa,UNION DEL CENTRO DEMOCRATICO,3018.0,31,PASO
Formosa,UNION POR LA PATRIA,3005.0,142965,PASO
Formosa,UNION POR LA PATRIA,3006.0,4627,PASO
Jujuy,FRENTE DE IZQUIERDA Y DE TRABAJADORES - UNIDAD,3009.0,22186,PASO
Jujuy,FRENTE DE IZQUIERDA Y DE TRABAJADORES - UNIDAD,3010.0,6796,PASO
Jujuy,FRENTE LIBER.AR,3002.0,115,PASO
Jujuy,FRENTE LIBER.AR,3003.0,17,PASO
Jujuy,FRENTE LIBER.AR,3004.0,281,PASO
Jujuy,FRENTE PATRIOTA FEDERAL,3021.0,905,PASO
Jujuy,HACEMOS POR NUESTRO PAIS,3001.0,7215,PASO
Jujuy,JUNTOS POR EL CAMBIO,3007.0,76378,PASO
Jujuy,JUNTOS POR EL CAMBIO,3008.0,24030,PASO
Jujuy,LA LIBERTAD AVANZA,3016.0,168142,PASO
Jujuy,MOVIMIENTO AL SOCIALISMO,3017.0,1124,PASO
Jujuy,MOVIMIENTO DE ACCION VECINAL,3025.0,839,PASO
Jujuy,MOVIMIENTO IZQUIERDA JUVENTUD Y DIGNIDAD,3026.0,713,PASO
Jujuy,MOVIMIENTO IZQUIERDA JUVENTUD Y DIGNIDAD,3027.0,814,PASO
Jujuy,MOVIMIENTO LIBRES DEL SUR,3019.0,1598,PASO
Jujuy,POLITICA OBRERA,3020.0,1423,PASO
Jujuy,PRINCIPIOS Y VALORES,3011.0,2819,PASO
Jujuy,PRINCIPIOS Y VALORES,3012.0,9,PASO
Jujuy,PRINCIPIOS Y VALORES,3013.0,6,PASO
Jujuy,PRINCIPIOS Y VALORES,3014.0,4,PASO
Jujuy,PRINCIPIOS Y VALORES,3015.0,21,PASO
Jujuy,PROYECTO JOVEN,3022.0,13,PASO
Jujuy,PROYECTO JOVEN,3023.0,6,PASO
Jujuy,PROYECTO JOVEN,3024.0,2,PASO
Jujuy,UNION DEL CENTRO DEMOCRATICO,3018.0,5,PASO
Jujuy,UNION POR LA PATRIA,3005.0,71980,PASO
Jujuy,UNION POR LA PATRIA,3006.0,15334,PASO
La Pampa,FRENTE DE IZQUIERDA Y DE TRABAJADORES - UNIDAD,3009.0,2556,PASO
La Pampa,FRENTE DE IZQUIERDA Y DE TRABAJADORES - UNIDAD,3010.0,1139,PASO
La Pampa,FRENTE LIBER.AR,3002.0,162,PASO
La Pampa,FRENTE LIBER.AR,3003.0,1,PASO
La Pampa,FRENTE LIBER.AR,3004.0,7,PASO
La Pampa,FRENTE PATRIOTA FEDERAL,3021.0,578,PASO
La Pampa,HACEMOS POR NUESTRO PAIS,3001.0,7504,PASO
La Pampa,JUNTOS POR EL CAMBIO,3007.0,24899,PASO
La Pampa,JUNTOS POR EL CAMBIO,3008.0,32488,PASO
La Pampa,LA LIBERTAD AVANZA,3016.0,66280,PASO
La Pampa,MOVIMIENTO AL SOCIALISMO,3017.0,1133,PASO
La Pampa,MOVIMIENTO DE ACCION VECINAL,3025.0,447,PASO
La Pampa,MOVIMIENTO IZQUIERDA JUVENTUD Y DIGNIDAD,3026.0,106,PASO
La Pampa,MOVIMIENTO IZQUIERDA JUVENTUD Y DIGNIDAD,3027.0,643,PASO
La Pampa,MOVIMIENTO LIBRES DEL SUR,3019.0,1000,PASO
La Pampa,POLITICA OBRERA,3020.0,756,PASO
La Pampa,PRINCIPIOS Y VALORES,3011.0,1408,PASO
La Pampa,PRINCIPIOS Y VALORES,3012.0,15,PASO
La Pampa,PRINCIPIOS Y VALORES,3013.0,0,PASO
La Pampa,PRINCIPIOS Y VALORES,3014.0,8,PASO
La Pampa,PRINCIPIOS Y VALORES,3015.0,0,PASO
La Pampa,PROYECTO JOVEN,3022.0,4,PASO
La Pampa,PROYECTO JOVEN,3023.0,0,PASO
La Pampa,PROYECTO JOVEN,3024.0,0,PASO
La Pampa,UNION DEL CENTRO DEMOCRATICO,3018.0,23,PASO
La Pampa,UNION POR LA PATRIA,3005.0,45208,PASO
La Pampa,UNION POR LA PATRIA,3006.0,11726,PASO
La Rioja,FRENTE DE IZQUIERDA Y DE TRABAJADORES - UNIDAD,3009.0,1122,PASO
La Rioja,FRENTE DE IZQUIERDA Y DE TRABAJADORES - UNIDAD,3010.0,747,PASO
La Rioja,FRENTE LIBER.AR,3002.0,15,PASO
La Rioja,FRENTE LIBER.AR,3003.0,0,PASO
La Rioja,FRENTE LIBER.AR,3004.0,54,PASO
La Rioja,FRENTE PATRIOTA FEDERAL,3021.0,432,PASO
La Rioja,HACEMOS POR NUESTRO PAIS,3001.0,13371,PASO
La Rioja,JUNTOS POR EL CAMBIO,3007.0,20483,PASO
La Rioja,JUNTOS POR EL CAMBIO,3008.0,18176,PASO
La Rioja,LA LIBERTAD AVANZA,3016.0,69607,PASO
La Rioja,MOVIMIENTO AL SOCIALISMO,3017.0,564,PASO
La Rioja,MOVIMIENTO DE ACCION VECINAL,3025.0,336,PASO
La Rioja,MOVIMIENTO IZQUIERDA JUVENTUD Y DIGNIDAD,3026.0,28,PASO
La Rioja,MOVIMIENTO IZQUIERDA JUVENTUD Y DIGNIDAD,3027.0,335,PASO
La Rioja,MOVIMIENTO LIBRES DEL SUR,3019.0,723,PASO
La Rioja,POLITICA OBRERA,3020.0,426,PASO
La Rioja,PRINCIPIOS Y VALORES,3011.0,428,PASO
La Rioja,PRINCIPIOS Y VALORES,3012.0,0,PASO
La Rioja,PRINCIPIOS Y VALORES,3013.0,0,PASO
La Rioja,PRINCIPIOS Y VALORES,3014.0,0,PASO
La Rioja,PRINCIPIOS Y VALORES,3015.0,6,PASO
La Rioja,PROYECTO JOVEN,3022.0,6,PASO
La Rioja,PROYECTO JOVEN,3023.0,4,PASO
La Rioja,PROYECTO JOVEN,3024.0,0,PASO
La Rioja,UNION DEL CENTRO DEMOCRATICO,3018.0,484,PASO
La Rioja,UNION POR LA PATRIA,3005.0,53814,PASO
La Rioja,UNION POR LA PATRIA,3006.0,6346,PASO
Mendoza,FRENTE DE IZQUIERDA Y DE TRABAJADORES - UNIDAD,3009.0,24852,PASO
Mendoza,FRENTE DE IZQUIERDA Y DE TRABAJADORES - UNIDAD,3010.0,6600,PASO
Mendoza,FRENTE LIBER.AR,3002.0,42,PASO
Mendoza,FRENTE LIBER.AR,3003.0,1,PASO
Mendoza,FRENTE LIBER.AR,3004.0,17,PASO
Mendoza,FRENTE PATRIOTA FEDERAL,3021.0,2588,PASO
Mendoza,HACEMOS POR NUESTRO PAIS,3001.0,13858,PASO
Mendoza,JUNTOS POR EL CAMBIO,3007.0,64441,PASO
Mendoza,JUNTOS POR EL CAMBIO,3008.0,229636,PASO
Mendoza,LA LIBERTAD AVANZA,3016.0,466437,PASO
Mendoza,MOVIMIENTO AL SOCIALISMO,3017.0,3986,PASO
Mendoza,MOVIMIENTO DE ACCION VECINAL,3025.0,3416,PASO
Mendoza,MOVIMIENTO IZQUIERDA JUVENTUD Y DIGNIDAD,3026.0,1532,PASO
Mendoza,MOVIMIENTO IZQUIERDA JUVENTUD Y DIGNIDAD,3027.0,2284,PASO
Mendoza,MOVIMIENTO LIBRES DEL SUR,3019.0,15566,PASO
Mendoza,POLITICA OBRERA,3020.0,3041,PASO
Mendoza,PRINCIPIOS Y VALORES,3011.0,7182,PASO
Mendoza,PRINCIPIOS Y VALORES,3012.0,43,PASO
Mendoza,PRINCIPIOS Y VALORES,3013.0,26,PASO
Mendoza,PRINCIPIOS Y VALORES,3014.0,22,PASO
Mendoza,PRINCIPIOS Y VALORES,3015.0,32,PASO
Mendoza,PROYECTO JOVEN,3022.0,41,PASO
Mendoza,PROYECTO JOVEN,3023.0,4,PASO
Mendoza,PROYECTO JOVEN,3024.0,0,PASO
Mendoza,UNION DEL CENTRO DEMOCRATICO,3018.0,101,PASO
Mendoza,UNION POR LA PATRIA,3005.0,140766,PASO
Mendoza,UNION POR LA PATRIA,3006.0,34756,PASO
Misiones,FRENTE DE IZQUIERDA Y DE TRABAJADORES - UNIDAD,3009.0,4964,PASO
Misiones,FRENTE DE IZQUIERDA Y DE TRABAJADORES - UNIDAD,3010.0,3710,PASO
Misiones,FRENTE LIBER.AR,3002.0,183,PASO
Misiones,FRENTE LIBER.AR,3003.0,135,PASO
Misiones,FRENTE LIBER.AR,3004.0,118,PASO
Misiones,FRENTE PATRIOTA FEDERAL,3021.0,3051,PASO
Misiones,HACEMOS POR NUESTRO PAIS,3001.0,8610,PASO
Misiones,JUNTOS POR EL CAMBIO,3007.0,40072,PASO
Misiones,JUNTOS POR EL CAMBIO,3008.0,82456,PASO
Misiones,LA LIBERTAD AVANZA,3016.0,277899,PASO
Misiones,MOVIMIENTO AL SOCIALISMO,3017.0,3704,PASO
Misiones,MOVIMIENTO DE ACCION VECINAL,3025.0,1947,PASO
Misiones,MOVIMIENTO IZQUIERDA JUVENTUD Y DIGNIDAD,3026.0,533,PASO
Misiones,MOVIMIENTO IZQUIERDA JUVENTUD Y DIGNIDAD,3027.0,1039,PASO
Misiones,MOVIMIENTO LIBRES DEL SUR,3019.0,4740,PASO
Misiones,POLITICA OBRERA,3020.0,3054,PASO
Misiones,PRINCIPIOS Y VALORES,3011.0,3938,PASO
Misiones,PRINCIPIOS Y VALORES,3012.0,30,PASO
Misiones,PRINCIPIOS Y VALORES,3013.0,14,PASO
Misiones,PRINCIPIOS Y VALORES,3014.0,25,PASO
Misiones,PRINCIPIOS Y VALORES,3015.0,36,PASO
Misiones,PROYECTO JOVEN,3022.0,62,PASO
Misiones,PROYECTO JOVEN,3023.0,26,PASO
Misiones,PROYECTO JOVEN,3024.0,19,PASO
Misiones,UNION DEL CENTRO DEMOCRATICO,3018.0,54,PASO
Misiones,UNION POR LA PATRIA,3005.0,157074,PASO
Misiones,UNION POR LA PATRIA,3006.0,18296,PASO
Neuquén,FRENTE DE IZQUIERDA Y DE TRABAJADORES - UNIDAD,3009.0,13715,PASO
Neuquén,FRENTE DE IZQUIERDA Y DE TRABAJADORES - UNIDAD,3010.0,5132,PASO
Neuquén,FRENTE PATRIOTA FEDERAL,3021.0,1851,PASO
Neuquén,HACEMOS POR NUESTRO PAIS,3001.0,7038,PASO
Neuquén,JUNTOS POR EL CAMBIO,3007.0,33444,PASO
Neuquén,JUNTOS POR EL CAMBIO,3008.0,57819,PASO
Neuquén,LA LIBERTAD AVANZA,3016.0,156147,PASO
Neuquén,MOVIMIENTO AL SOCIALISMO,3017.0,3053,PASO
Neuquén,MOVIMIENTO DE ACCION VECINAL,3025.0,1268,PASO
Neuquén,MOVIMIENTO IZQUIERDA JUVENTUD Y DIGNIDAD,3027.0,1612,PASO
Neuquén,MOVIMIENTO LIBRES DEL SUR,3019.0,13064,PASO
Neuquén,POLITICA OBRERA,3020.0,2024,PASO
Neuquén,PRINCIPIOS Y VALORES,3011.0,4232,PASO
Neuquén,UNION POR LA PATRIA,3005.0,57483,PASO
Neuquén,UNION POR LA PATRIA,3006.0,21541,PASO
Río Negro,FRENTE DE IZQUIERDA Y DE TRABAJADORES - UNIDAD,3009.0,9471,PASO
Río Negro,FRENTE DE IZQUIERDA Y DE TRABAJADORES - UNIDAD,3010.0,3759,PASO
Río Negro,FRENTE LIBER.AR,3002.0,24,PASO
Río Negro,FRENTE LIBER.AR,3003.0,15,PASO
Río Negro,FRENTE LIBER.AR,3004.0,47,PASO
Río Negro,FRENTE PATRIOTA FEDERAL,3021.0,27,PASO
Río Negro,HACEMOS POR NUESTRO PAIS,3001.0,8232,PASO
Río Negro,JUNTOS POR EL CAMBIO,3007.0,31520,PASO
Río Negro,JUNTOS POR EL CAMBIO,3008.0,52712,PASO
Río Negro,LA LIBERTAD AVANZA,3016.0,148437,PASO
Río Negro,MOVIMIENTO AL SOCIALISMO,3017.0,3128,PASO
Río Negro,MOVIMIENTO DE ACCION VECINAL,3025.0,1767,PASO
Río Negro,MOVIMIENTO IZQUIERDA JUVENTUD Y DIGNIDAD,3026.0,188,PASO
Río Negro,MOVIMIENTO IZQUIERDA JUVENTUD Y DIGNIDAD,3027.0,986,PASO
Río Negro,MOVIMIENTO LIBRES DEL SUR,3019.0,5013,PASO
Río Negro,POLITICA OBRERA,3020.0,2378,PASO
Río Negro,PRINCIPIOS Y VALORES,3011.0,3364,PASO
Río Negro,PRINCIPIOS Y VALORES,3012.0,32,PASO
Río Negro,PRINCIPIOS Y VALORES,3013.0,12,PASO
Río Negro,PRINCIPIOS Y VALORES,3014.0,13,PASO
Río Negro,PRINCIPIOS Y VALORES,3015.0,12,PASO
Río Negro,PROYECTO JOVEN,3022.0,34,PASO
Río Negro,PROYECTO JOVEN,3023.0,261,PASO
Río Negro,PROYECTO JOVEN,3024.0,10,PASO
Río Negro,UNION DEL CENTRO DEMOCRATICO,3018.0,21,PASO
Río Negro,UNION POR LA PATRIA,3005.0,72012,PASO
Río Negro,UNION POR LA PATRIA,3006.0,34246,PASO
Salta,FRENTE DE IZQUIERDA Y DE TRABAJADORES - UNIDAD,3009.0,5057,PASO
Salta,FRENTE DE IZQUIERDA Y DE TRABAJADORES - UNIDAD,3010.0,7278,PASO
Salta,FRENTE LIBER.AR,3002.0,40,PASO
Salta,FRENTE LIBER.AR,3003.0,9,PASO
Salta,FRENTE LIBER.AR,3004.0,19,PASO
Salta,FRENTE PATRIOTA FEDERAL,3021.0,1363,PASO
Salta,HACEMOS POR NUESTRO PAIS,3001.0,12820,PASO
Salta,JUNTOS POR EL CAMBIO,3007.0,44453,PASO
Salta,JUNTOS POR EL CAMBIO,3008.0,66556,PASO
Salta,LA LIBERTAD AVANZA,3016.0,318910,PASO
Salta,MOVIMIENTO AL SOCIALISMO,3017.0,1887,PASO
Salta,MOVIMIENTO DE ACCION VECINAL,3025.0,1282,PASO
Salta,MOVIMIENTO IZQUIERDA JUVENTUD Y DIGNIDAD,3026.0,1263,PASO
Salta,MOVIMIENTO IZQUIERDA JUVENTUD Y DIGNIDAD,3027.0,1277,PASO
Salta,MOVIMIENTO LIBRES DEL SUR,3019.0,8012,PASO
Salta,POLITICA OBRERA,3020.0,3884,PASO
Salta,PRINCIPIOS Y VALORES,3011.0,2142,PASO
Salta,PRINCIPIOS Y VALORES,3012.0,24,PASO
Salta,PRINCIPIOS Y VALORES,3013.0,5,PASO
Salta,PRINCIPIOS Y VALORES,3014.0,6,PASO
Salta,PRINCIPIOS Y VALORES,3015.0,17,PASO
Salta,PROYECTO JOVEN,3022.0,608,PASO
Salta,PROYECTO JOVEN,3023.0,27,PASO
Salta,PROYECTO JOVEN,3024.0,14,PASO
Salta,UNION DEL CENTRO DEMOCRATICO,3018.0,47,PASO
Salta,UNION POR LA PATRIA,3005.0,137998,PASO
Salta,UNION POR LA PATRIA,3006.0,17839,PASO
San Juan,FRENTE DE IZQUIERDA Y DE TRABAJADORES - UNIDAD,3009.0,3244,PASO
San Juan,FRENTE DE IZQUIERDA Y DE TRABAJADORES - UNIDAD,3010.0,2259,PASO
San Juan,FRENTE LIBER.AR,3002.0,7,PASO
San Juan,FRENTE LIBER.AR,3003.0,10,PASO
San Juan,FRENTE LIBER.AR,3004.0,128,PASO
San Juan,FRENTE PATRIOTA FEDERAL,3021.0,1187,PASO
San Juan,HACEMOS POR NUESTRO PAIS,3001.0,6896,PASO
San Juan,JUNTOS POR EL CAMBIO,3007.0,63523,PASO
San Juan,JUNTOS POR EL CAMBIO,3008.0,53926,PASO
San Juan,LA LIBERTAD AVANZA,3016.0,143858,PASO
San Juan,MOVIMIENTO AL SOCIALISMO,3017.0,1130,PASO
San Juan,MOVIMIENTO DE ACCION VECINAL,3025.0,961,PASO
San Juan,MOVIMIENTO IZQUIERDA JUVENTUD Y DIGNIDAD,3026.0,1028,PASO
San Juan,MOVIMIENTO IZQUIERDA JUVENTUD Y DIGNIDAD,3027.0,1434,PASO
San Juan,MOVIMIENTO LIBRES DEL SUR,3019.0,2838,PASO
San Juan,POLITICA OBRERA,3020.0,1251,PASO
San Juan,PRINCIPIOS Y VALORES,3011.0,1037,PASO
San Juan,PRINCIPIOS Y VALORES,3012.0,3,PASO
San Juan,PRINCIPIOS Y VALORES,3013.0,1,PASO
San Juan,PRINCIPIOS Y VALORES,3014.0,1,PASO
San Juan,PRINCIPIOS Y VALORES,3015.0,1,PASO
San Juan,PROYECTO JOVEN,3022.0,15,PASO
San Juan,PROYECTO JOVEN,3023.0,1,PASO
San Juan,PROYECTO JOVEN,3024.0,1,PASO
San Juan,UNION DEL CENTRO DEMOCRATICO,3018.0,5,PASO
San Juan,UNION POR LA PATRIA,3005.0,95443,PASO
San Juan,UNION POR LA PATRIA,3006.0,26841,PASO
San Luis,FRENTE DE IZQUIERDA Y DE TRABAJADORES - UNIDAD,3009.0,3006,PASO
San Luis,FRENTE DE IZQUIERDA Y DE TRABAJADORES - UNIDAD,3010.0,935,PASO
San Luis,FRENTE LIBER.AR,3002.0,186,PASO
San Luis,FRENTE LIBER.AR,3003.0,21,PASO
San Luis,FRENTE LIBER.AR,3004.0,13,PASO
San Luis,FRENTE PATRIOTA FEDERAL,3021.0,1127,PASO
San Luis,HACEMOS POR NUESTRO PAIS,3001.0,8263,PASO
San Luis,JUNTOS POR EL CAMBIO,3007.0,33194,PASO
San Luis,JUNTOS POR EL CAMBIO,3008.0,33385,PASO
San Luis,LA LIBERTAD AVANZA,3016.0,135471,PASO
San Luis,MOVIMIENTO AL SOCIALISMO,3017.0,874,PASO
San Luis,MOVIMIENTO DE ACCION VECINAL,3025.0,803,PASO
San Luis,MOVIMIENTO IZQUIERDA JUVENTUD Y DIGNIDAD,3026.0,598,PASO
San Luis,MOVIMIENTO IZQUIERDA JUVENTUD Y DIGNIDAD,3027.0,666,PASO
San Luis,MOVIMIENTO LIBRES DEL SUR,3019.0,2769,PASO
San Luis,POLITICA OBRERA,3020.0,987,PASO
San Luis,PRINCIPIOS Y VALORES,3011.0,1189,PASO
San Luis,PRINCIPIOS Y VALORES,3012.0,7,PASO
San Luis,PRINCIPIOS Y VALORES,3013.0,14,PASO
San Luis,PRINCIPIOS Y VALORES,3014.0,11,PASO
San Luis,PRINCIPIOS Y VALORES,3015.0,6,PASO
San Luis,PROYECTO JOVEN,3022.0,17,PASO
San Luis,PROYECTO JOVEN,3023.0,13,PASO
San Luis,PROYECTO JOVEN,3024.0,9,PASO
San Luis,UNION DEL CENTRO DEMOCRATICO,3018.0,27,PASO
San Luis,UNION POR LA PATRIA,3005.0,38315,PASO
San Luis,UNION POR LA PATRIA,3006.0,10999,PASO
Santa Cruz,FRENTE DE IZQUIERDA Y DE TRABAJADORES - UNIDAD,3009.0,1856,PASO
Santa Cruz,FRENTE DE IZQUIERDA Y DE TRABAJADORES - UNIDAD,3010.0,1438,PASO
Santa Cruz,FRENTE LIBER.AR,3002.0,11,PASO
Santa Cruz,FRENTE LIBER.AR,3003.0,0,PASO
Santa Cruz,FRENTE LIBER.AR,3004.0,1,PASO
Santa Cruz,FRENTE PATRIOTA FEDERAL,3021.0,209,PASO
Santa Cruz,HACEMOS POR NUESTRO PAIS,3001.0,3679,PASO
Santa Cruz,JUNTOS POR EL CAMBIO,3007.0,10604,PASO
Santa Cruz,JUNTOS POR EL CAMBIO,3008.0,17507,PASO
Santa Cruz,LA LIBERTAD AVANZA,3016.0,52189,PASO
Santa Cruz,MOVIMIENTO AL SOCIALISMO,3017.0,414,PASO
Santa Cruz,MOVIMIENTO DE ACCION VECINAL,3025.0,138,PASO
Santa Cruz,MOVIMIENTO IZQUIERDA JUVENTUD Y DIGNIDAD,3026.0,25,PASO
Santa Cruz,MOVIMIENTO IZQUIERDA JUVENTUD Y DIGNIDAD,3027.0,334,PASO
Santa Cruz,MOVIMIENTO LIBRES DEL SUR,3019.0,607,PASO
Santa Cruz,POLITICA OBRERA,3020.0,403,PASO
Santa Cruz,PRINCIPIOS Y VALORES,3011.0,65,PASO
Santa Cruz,PRINCIPIOS Y VALORES,3012.0,0,PASO
Santa Cruz,PRINCIPIOS Y VALORES,3013.0,0,PASO
Santa Cruz,PRINCIPIOS Y VALORES,3014.0,0,PASO
Santa Cruz,PRINCIPIOS Y VALORES,3015.0,0,PASO
Santa Cruz,PROYECTO JOVEN,3022.0,1,PASO
Santa Cruz,PROYECTO JOVEN,3023.0,3,PASO
Santa Cruz,PROYECTO JOVEN,3024.0,0,PASO
Santa Cruz,UNION DEL CENTRO DEMOCRATICO,3018.0,4,PASO
Santa Cruz,UNION POR LA PATRIA,3005.0,29622,PASO
Santa Cruz,UNION POR LA PATRIA,3006.0,8857,PASO
Santa Fe,FRENTE DE IZQUIERDA Y DE TRABAJADORES - UNIDAD,3009.0,21601,PASO
Santa Fe,FRENTE DE IZQUIERDA Y DE TRABAJADORES - UNIDAD,3010.0,9244,PASO
Santa Fe,FRENTE LIBER.AR,3002.0,806,PASO
Santa Fe,FRENTE LIBER.AR,3003.0,2359,PASO
Santa Fe,FRENTE LIBER.AR,3004.0,853,PASO
Santa Fe,FRENTE PATRIOTA FEDERAL,3021.0,2406,PASO
Santa Fe,HACEMOS POR NUESTRO PAIS,3001.0,67563,PASO
Santa Fe,JUNTOS POR EL CAMBIO,3007.0,210334,PASO
Santa Fe,JUNTOS POR EL CAMBIO,3008.0,369533,PASO
Santa Fe,LA LIBERTAD AVANZA,3016.0,646315,PASO
Santa Fe,MOVIMIENTO AL SOCIALISMO,3017.0,5554,PASO
Santa Fe,MOVIMIENTO DE ACCION VECINAL,3025.0,2288,PASO
Santa Fe,MOVIMIENTO IZQUIERDA JUVENTUD Y DIGNIDAD,3026.0,2225,PASO
Santa Fe,MOVIMIENTO IZQUIERDA JUVENTUD Y DIGNIDAD,3027.0,4468,PASO
Santa Fe,MOVIMIENTO LIBRES DEL SUR,3019.0,5606,PASO
Santa Fe,POLITICA OBRERA,3020.0,3578,PASO
Santa Fe,PRINCIPIOS Y VALORES,3011.0,25979,PASO
Santa Fe,PRINCIPIOS Y VALORES,3012.0,217,PASO
Santa Fe,PRINCIPIOS Y VALORES,3013.0,41,PASO
Santa Fe,PRINCIPIOS Y VALORES,3014.0,34,PASO
Santa Fe,PRINCIPIOS Y VALORES,3015.0,36,PASO
Santa Fe,PROYECTO JOVEN,3022.0,1217,PASO
Santa Fe,PROYECTO JOVEN,3023.0,244,PASO
Santa Fe,PROYECTO JOVEN,3024.0,455,PASO
Santa Fe,UNION DEL CENTRO DEMOCRATICO,3018.0,1218,PASO
Santa Fe,UNION POR LA PATRIA,3005.0,301725,PASO
Santa Fe,UNION POR LA PATRIA,3006.0,85140,PASO
Santiago del Estero,FRENTE DE IZQUIERDA Y DE TRABAJADORES - UNIDAD,3009.0,2890,PASO
Santiago del Estero,FRENTE DE IZQUIERDA Y DE TRABAJADORES - UNIDAD,3010.0,2716,PASO
Santiago del Estero,FRENTE LIBER.AR,3002.0,33,PASO
Santiago del Estero,FRENTE LIBER.AR,3003.0,8,PASO
Santiago del Estero,FRENTE LIBER.AR,3004.0,278,PASO
Santiago del Estero,FRENTE PATRIOTA FEDERAL,3021.0,790,PASO
Santiago del Estero,HACEMOS POR NUESTRO PAIS,3001.0,7605,PASO
Santiago del Estero,JUNTOS POR EL CAMBIO,3007.0,24260,PASO
Santiago del Estero,JUNTOS POR EL CAMBIO,3008.0,31652,PASO
Santiago del Estero,LA LIBERTAD AVANZA,3016.0,142042,PASO
Santiago del Estero,MOVIMIENTO AL SOCIALISMO,3017.0,1644,PASO
Santiago del Estero,MOVIMIENTO DE ACCION VECINAL,3025.0,808,PASO
Santiago del Estero,MOVIMIENTO IZQUIERDA JUVENTUD Y DIGNIDAD,3026.0,549,PASO
Santiago del Estero,MOVIMIENTO IZQUIERDA JUVENTUD Y DIGNIDAD,3027.0,731,PASO
Santiago del Estero,MOVIMIENTO LIBRES DEL SUR,3019.0,10260,PASO
Santiago del Estero,POLITICA OBRERA,3020.0,1192,PASO
Santiago del Estero,PRINCIPIOS Y VALORES,3011.0,11,PASO
Santiago del Estero,PRINCIPIOS Y VALORES,3012.0,0,PASO
Santiago del Estero,PRINCIPIOS Y VALORES,3013.0,0,PASO
Santiago del Estero,PRINCIPIOS Y VALORES,3014.0,0,PASO
Santiago del Estero,PRINCIPIOS Y VALORES,3015.0,2,PASO
Santiago del Estero,PROYECTO JOVEN,3022.0,23,PASO
Santiago del Estero,PROYECTO JOVEN,3023.0,51,PASO
Santiago del Estero,PROYECTO JOVEN,3024.0,4,PASO
Santiago del Estero,UNION DEL CENTRO DEMOCRATICO,3018.0,2,PASO
Santiago del Estero,UNION POR LA PATRIA,3005.0,272293,PASO
Santiago del Estero,UNION POR LA PATRIA,3006.0,8270,PASO
"Tierra del Fuego, Antártida e Islas del Atlántico Sur",FRENTE DE IZQUIERDA Y DE TRABAJADORES - UNIDAD,3009.0,2074,PASO
"Tierra del Fuego, Antártida e Islas del Atlántico Sur",FRENTE DE IZQUIERDA Y DE TRABAJADORES - UNIDAD,3010.0,629,PASO
"Tierra del Fuego, Antártida e Islas del Atlántico Sur",FRENTE LIBER.AR,3002.0,0,PASO
"Tierra del Fuego, Antártida e Islas del Atlántico Sur",FRENTE LIBER.AR,3003.0,6,PASO
"Tierra del Fuego, Antártida e Islas del Atlántico Sur",FRENTE LIBER.AR,3004.0,0,PASO
"Tierra del Fuego, Antártida e Islas del Atlántico Sur",FRENTE PATRIOTA FEDERAL,3021.0,12,PASO
"Tierra del Fuego, Antártida e Islas del Atlántico Sur",HACEMOS POR NUESTRO PAIS,3001.0,4315,PASO
"Tierra del Fuego, Antártida e Islas del Atlántico Sur",JUNTOS POR EL CAMBIO,3007.0,9341,PASO
"Tierra del Fuego, Antártida e Islas del Atlántico Sur",JUNTOS POR EL CAMBIO,3008.0,11704,PASO
"Tierra del Fuego, Antártida e Islas del Atlántico Sur",LA LIBERTAD AVANZA,3016.0,35697,PASO
"Tierra del Fuego, Antártida e Islas del Atlántico Sur",MOVIMIENTO AL SOCIALISMO,3017.0,842,PASO
"Tierra del Fuego, Antártida e Islas del Atlántico Sur",MOVIMIENTO DE ACCION VECINAL,3025.0,479,PASO
"Tierra del Fuego, Antártida e Islas del Atlántico Sur",MOVIMIENTO IZQUIERDA JUVENTUD Y DIGNIDAD,3026.0,9,PASO
"Tierra del Fuego, Antártida e Islas del Atlántico Sur",MOVIMIENTO IZQUIERDA JUVENTUD Y DIGNIDAD,3027.0,16,PASO
"Tierra del Fuego, Antártida e Islas del Atlántico Sur",MOVIMIENTO LIBRES DEL SUR,3019.0,676,PASO
"Tierra del Fuego, Antártida e Islas del Atlántico Sur",POLITICA OBRERA,3020.0,726,PASO
"Tierra del Fuego, Antártida e Islas del Atlántico Sur",PRINCIPIOS Y VALORES,3011.0,1848,PASO
"Tierra del Fuego, Antártida e Islas del Atlántico Sur",PRINCIPIOS Y VALORES,3012.0,7,PASO
"Tierra del Fuego, Antártida e Islas del Atlántico Sur",PRINCIPIOS Y VALORES,3013.0,0,PASO
"Tierra del Fuego, Antártida e Islas del Atlántico Sur",PRINCIPIOS Y VALORES,3014.0,0,PASO
"Tierra del Fuego, Antártida e Islas del Atlántico Sur",PRINCIPIOS Y VALORES,3015.0,1,PASO
"Tierra del Fuego, Antártida e Islas del Atlántico Sur",PROYECTO JOVEN,3022.0,0,PASO
"Tierra del Fuego, Antártida e Islas del Atlántico Sur",PROYECTO JOVEN,3023.0,1,PASO
"Tierra del Fuego, Antártida e Islas del Atlántico Sur",PROYECTO JOVEN,3024.0,6,PASO
"Tierra del Fuego, Antártida e Islas del Atlántico Sur",UNION DEL CENTRO DEMOCRATICO,3018.0,7,PASO
"Tierra del Fuego, Antártida e Islas del Atlántico Sur",UNION POR LA PATRIA,3005.0,22786,PASO
"Tierra del Fuego, Antártida e Islas del Atlántico Sur",UNION POR LA PATRIA,3006.0,6814,PASO
Tucumán,FRENTE DE IZQUIERDA Y DE TRABAJADORES - UNIDAD,3009.0,10118,PASO
Tucumán,FRENTE DE IZQUIERDA Y DE TRABAJADORES - UNIDAD,3010.0,5911,PASO
Tucumán,FRENTE LIBER.AR,3002.0,90,PASO
Tucumán,FRENTE LIBER.AR,3003.0,138,PASO
Tucumán,FRENTE LIBER.AR,3004.0,286,PASO
Tucumán,FRENTE PATRIOTA FEDERAL,3021.0,2889,PASO
Tucumán,HACEMOS POR NUESTRO PAIS,3001.0,11302,PASO
Tucumán,JUNTOS POR EL CAMBIO,3007.0,102145,PASO
Tucumán,JUNTOS POR EL CAMBIO,3008.0,104824,PASO
Tucumán,LA LIBERTAD AVANZA,3016.0,342681,PASO
Tucumán,MOVIMIENTO AL SOCIALISMO,3017.0,2971,PASO
Tucumán,MOVIMIENTO DE ACCION VECINAL,3025.0,1972,PASO
Tucumán,MOVIMIENTO IZQUIERDA JUVENTUD Y DIGNIDAD,3026.0,1625,PASO
Tucumán,MOVIMIENTO IZQUIERDA JUVENTUD Y DIGNIDAD,3027.0,1580,PASO
Tucumán,MOVIMIENTO LIBRES DEL SUR,3019.0,15445,PASO
Tucumán,POLITICA OBRERA,3020.0,3349,PASO
Tucumán,PRINCIPIOS Y VALORES,3011.0,1956,PASO
Tucumán,PRINCIPIOS Y VALORES,3012.0,66,PASO
Tucumán,PRINCIPIOS Y VALORES,3013.0,16,PASO
Tucumán,PRINCIPIOS Y VALORES,3014.0,10,PASO
Tucumán,PRINCIPIOS Y VALORES,3015.0,51,PASO
Tucumán,PROYECTO JOVEN,3022.0,23,PASO
Tucumán,PROYECTO JOVEN,3023.0,6,PASO
Tucumán,PROYECTO JOVEN,3024.0,17,PASO
Tucumán,UNION DEL CENTRO DEMOCRATICO,3018.0,33,PASO
Tucumán,UNION POR LA PATRIA,3005.0,279766,PASO
Tucumán,UNION POR LA PATRIA,3006.0,33319,PASO
Buenos Aires,JUNTOS POR EL CAMBIO,3008.0,2374023,Generales
Buenos Aires,HACEMOS POR NUESTRO PAIS,,367457,Generales
Buenos Aires,UNION POR LA PATRIA,3005.0,4224688,Generales
Buenos Aires,LA LIBERTAD AVANZA,3016.0,2533633,Generales
Buenos Aires,FRENTE DE IZQUIERDA Y DE TRABAJADORES - UNIDAD,,352790,Generales
Catamarca,JUNTOS POR EL CAMBIO,3008.0,39960,Generales
Catamarca,HACEMOS POR NUESTRO PAIS,,14967,Generales
Catamarca,UNION POR LA PATRIA,3005.0,99612,Generales
Catamarca,LA LIBERTAD AVANZA,3016.0,74570,Generales
Catamarca,FRENTE DE IZQUIERDA Y DE TRABAJADORES - UNIDAD,,3666,Generales
Chaco,JUNTOS POR EL CAMBIO,3008.0,171756,Generales
Chaco,HACEMOS POR NUESTRO PAIS,,25804,Generales
Chaco,UNION POR LA PATRIA,3005.0,310962,Generales
Chaco,LA LIBERTAD AVANZA,3016.0,197596,Generales
Chaco,FRENTE DE IZQUIERDA Y DE TRABAJADORES - UNIDAD,,5482,Generales
Chubut,JUNTOS POR EL CAMBIO,3008.0,70717,Generales
Chubut,HACEMOS POR NUESTRO PAIS,,26555,Generales
Chubut,UNION POR LA PATRIA,3005.0,110820,Generales
Chubut,LA LIBERTAD AVANZA,3016.0,120297,Generales
Chubut,FRENTE DE IZQUIERDA Y DE TRABAJADORES - UNIDAD,,15122,Generales
Ciudad Autónoma de Buenos Aires,JUNTOS POR EL CAMBIO,3008.0,767367,Generales
Ciudad Autónoma de Buenos Aires,HACEMOS POR NUESTRO PAIS,,57607,Generales
Ciudad Autónoma de Buenos Aires,UNION POR LA PATRIA,3005.0,600832,Generales
Ciudad Autónoma de Buenos Aires,LA LIBERTAD AVANZA,3016.0,369424,Generales
Ciudad Autónoma de Buenos Aires,FRENTE DE IZQUIERDA Y DE TRABAJADORES - UNIDAD,,66145,Generales
Corrientes,JUNTOS POR EL CAMBIO,3008.0,224519,Generales
Corrientes,HACEMOS POR NUESTRO PAIS,,19118,Generales
Corrientes,UNION POR LA PATRIA,3005.0,260040,Generales
Corrientes,LA LIBERTAD AVANZA,3016.0,187916,Generales
Corrientes,FRENTE DE IZQUIERDA Y DE TRABAJADORES - UNIDAD,,7315,Generales
Córdoba,JUNTOS POR EL CAMBIO,3008.0,519252,Generales
Córdoba,HACEMOS POR NUESTRO PAIS,,665717,Generales
Córdoba,UNION POR LA PATRIA,3005.0,308016,Generales
Córdoba,LA LIBERTAD AVANZA,3016.0,769847,Generales
Córdoba,FRENTE DE IZQUIERDA Y DE TRABAJADORES - UNIDAD,,31895,Generales
Entre Ríos,JUNTOS POR EL CAMBIO,3008.0,250512,Generales
Entre Ríos,HACEMOS POR NUESTRO PAIS,,44720,Generales
Entre Ríos,UNION POR LA PATRIA,3005.0,276850,Generales
Entre Ríos,LA LIBERTAD AVANZA,3016.0,247640,Generales
Entre Ríos,FRENTE DE IZQUIERDA Y DE TRABAJADORES - UNIDAD,,12760,Generales
Formosa,JUNTOS POR EL CAMBIO,3008.0,55097,Generales
Formosa,HACEMOS POR NUESTRO PAIS,,8793,Generales
Formosa,UNION POR LA PATRIA,3005.0,187229,Generales
Formosa,LA LIBERTAD AVANZA,3016.0,103911,Generales
Formosa,FRENTE DE IZQUIERDA Y DE TRABAJADORES - UNIDAD,,2772,Generales
Jujuy,JUNTOS POR EL CAMBIO,3008.0,90095,Generales
Jujuy,HACEMOS POR NUESTRO PAIS,,30775,Generales
Jujuy,UNION POR LA PATRIA,3005.0,146027,Generales
Jujuy,LA LIBERTAD AVANZA,3016.0,168921,Generales
Jujuy,FRENTE DE IZQUIERDA Y DE TRABAJADORES - UNIDAD,,16006,Generales
La Pampa,JUNTOS POR EL CAMBIO,3008.0,49911,Generales
La Pampa,HACEMOS POR NUESTRO PAIS,,16947,Generales
La Pampa,UNION POR LA PATRIA,3005.0,79229,Generales
La Pampa,LA LIBERTAD AVANZA,3016.0,76341,Generales
La Pampa,FRENTE DE IZQUIERDA Y DE TRABAJADORES - UNIDAD,,5244,Generales
La Rioja,JUNTOS POR EL CAMBIO,3008.0,27975,Generales
La Rioja,HACEMOS POR NUESTRO PAIS,,20179,Generales
La Rioja,UNION POR LA PATRIA,3005.0,97412,Generales
La Rioja,LA LIBERTAD AVANZA,3016.0,89236,Generales
La Rioja,FRENTE DE IZQUIERDA Y DE TRABAJADORES - UNIDAD,,2189,Generales
Mendoza,JUNTOS POR EL CAMBIO,3008.0,286475,Generales
Mendoza,HACEMOS POR NUESTRO PAIS,,47958,Generales
Mendoza,UNION POR LA PATRIA,3005.0,265740,Generales
Mendoza,LA LIBERTAD AVANZA,3016.0,469367,Generales
Mendoza,FRENTE DE IZQUIERDA Y DE TRABAJADORES - UNIDAD,,38572,Generales
Misiones,JUNTOS POR EL CAMBIO,3008.0,104787,Generales
Misiones,HACEMOS POR NUESTRO PAIS,,29966,Generales
Misiones,UNION POR LA PATRIA,3005.0,275062,Generales
Misiones,LA LIBERTAD AVANZA,3016.0,305629,Generales
Misiones,FRENTE DE IZQUIERDA Y DE TRABAJADORES - UNIDAD,,10036,Generales
Neuquén,JUNTOS POR EL CAMBIO,3008.0,86927,Generales
Neuquén,HACEMOS POR NUESTRO PAIS,,25215,Generales
Neuquén,UNION POR LA PATRIA,3005.0,134510,Generales
Neuquén,LA LIBERTAD AVANZA,3016.0,155394,Generales
Neuquén,FRENTE DE IZQUIERDA Y DE TRABAJADORES - UNIDAD,,21238,Generales
Río Negro,JUNTOS POR EL CAMBIO,3008.0,79609,Generales
Río Negro,HACEMOS POR NUESTRO PAIS,,27482,Generales
Río Negro,UNION POR LA PATRIA,3005.0,166135,Generales
Río Negro,LA LIBERTAD AVANZA,3016.0,148037,Generales
Río Negro,FRENTE DE IZQUIERDA Y DE TRABAJADORES - UNIDAD,,17649,Generales
Salta,JUNTOS POR EL CAMBIO,3008.0,106684,Generales
Salta,HACEMOS POR NUESTRO PAIS,,47990,Generales
Salta,UNION POR LA PATRIA,3005.0,287756,Generales
Salta,LA LIBERTAD AVANZA,3016.0,309115,Generales
Salta,FRENTE DE IZQUIERDA Y DE TRABAJADORES - UNIDAD,,13533,Generales
San Juan,JUNTOS POR EL CAMBIO,3008.0,103118,Generales
San Juan,HACEMOS POR NUESTRO PAIS,,27427,Generales
San Juan,UNION POR LA PATRIA,3005.0,147523,Generales
San Juan,LA LIBERTAD AVANZA,3016.0,155821,Generales
San Juan,FRENTE DE IZQUIERDA Y DE TRABAJADORES - UNIDAD,,10025,Generales
San Luis,JUNTOS POR EL CAMBIO,3008.0,66824,Generales
San Luis,HACEMOS POR NUESTRO PAIS,,20017,Generales
San Luis,UNION POR LA PATRIA,3005.0,86681,Generales
San Luis,LA LIBERTAD AVANZA,3016.0,138251,Generales
San Luis,FRENTE DE IZQUIERDA Y DE TRABAJADORES - UNIDAD,,6964,Generales
Santa Cruz,JUNTOS POR EL CAMBIO,3008.0,28101,Generales
Santa Cruz,HACEMOS POR NUESTRO PAIS,,11311,Generales
Santa Cruz,UNION POR LA PATRIA,3005.0,65062,Generales
Santa Cruz,LA LIBERTAD AVANZA,3016.0,62350,Generales
Santa Cruz,FRENTE DE IZQUIERDA Y DE TRABAJADORES - UNIDAD,,4948,Generales
Santa Fe,JUNTOS POR EL CAMBIO,3008.0,544677,Generales
Santa Fe,HACEMOS POR NUESTRO PAIS,,183205,Generales
Santa Fe,UNION POR LA PATRIA,3005.0,601241,Generales
Santa Fe,LA LIBERTAD AVANZA,3016.0,657813,Generales
Santa Fe,FRENTE DE IZQUIERDA Y DE TRABAJADORES - UNIDAD,,38553,Generales
Santiago del Estero,JUNTOS POR EL CAMBIO,3008.0,49761,Generales
Santiago del Estero,HACEMOS POR NUESTRO PAIS,,13305,Generales
Santiago del Estero,UNION POR LA PATRIA,3005.0,402863,Generales
Santiago del Estero,LA LIBERTAD AVANZA,3016.0,141344,Generales
Santiago del Estero,FRENTE DE IZQUIERDA Y DE TRABAJADORES - UNIDAD,,7785,Generales
"Tierra del Fuego, Antártida e Islas del Atlántico Sur",JUNTOS POR EL CAMBIO,3008.0,15875,Generales
"Tierra del Fuego, Antártida e Islas del Atlántico Sur",HACEMOS POR NUESTRO PAIS,,9714,Generales
"Tierra del Fuego, Antártida e Islas del Atlántico Sur",UNION POR LA PATRIA,3005.0,40548,Generales
"Tierra del Fuego, Antártida e Islas del Atlántico Sur",LA LIBERTAD AVANZA,3016.0,35891,Generales
"Tierra del Fuego, Antártida e Islas del Atlántico Sur",FRENTE DE IZQUIERDA Y DE TRABAJADORES - UNIDAD,,4091,Generales
Tucumán,JUNTOS POR EL CAMBIO,3008.0,153130,Generales
Tucumán,HACEMOS POR NUESTRO PAIS,,42086,Generales
Tucumán,UNION POR LA PATRIA,3005.0,471145,Generales
Tucumán,LA LIBERTAD AVANZA,3016.0,365992,Generales
Tucumán,FRENTE DE IZQUIERDA Y DE TRABAJADORES - UNIDAD,,15152,Generales
Buenos Aires,LA LIBERTAD AVANZA,3016.0,4776711,Ballotage
Buenos Aires,UNION POR LA PATRIA,3005.0,4919211,Ballotage
Catamarca,LA LIBERTAD AVANZA,3016.0,123588,Ballotage
Catamarca,UNION POR LA PATRIA,3005.0,110721,Ballotage
Chaco,LA LIBERTAD AVANZA,3016.0,353024,Ballotage
Chaco,UNION POR LA PATRIA,3005.0,352036,Ballotage
Chubut,LA LIBERTAD AVANZA,3016.0,195543,Ballotage
Chubut,UNION POR LA PATRIA,3005.0,135267,Ballotage
Ciudad Autónoma de Buenos Aires,LA LIBERTAD AVANZA,3016.0,1034157,Ballotage
Ciudad Autónoma de Buenos Aires,UNION POR LA PATRIA,3005.0,772440,Ballotage
Corrientes,LA LIBERTAD AVANZA,3016.0,366191,Ballotage
Corrientes,UNION POR LA PATRIA,3005.0,322157,Ballotage
Córdoba,LA LIBERTAD AVANZA,3016.0,1637147,Ballotage
Córdoba,UNION POR LA PATRIA,3005.0,573695,Ballotage
Entre Ríos,LA LIBERTAD AVANZA,3016.0,525046,Ballotage
Entre Ríos,UNION POR LA PATRIA,3005.0,328920,Ballotage
Formosa,LA LIBERTAD AVANZA,3016.0,152131,Ballotage
Formosa,UNION POR LA PATRIA,3005.0,197598,Ballotage
Jujuy,LA LIBERTAD AVANZA,3016.0,253180,Ballotage
Jujuy,UNION POR LA PATRIA,3005.0,180831,Ballotage
La Pampa,LA LIBERTAD AVANZA,3016.0,126302,Ballotage
La Pampa,UNION POR LA PATRIA,3005.0,93923,Ballotage
La Rioja,LA LIBERTAD AVANZA,3016.0,125247,Ballotage
La Rioja,UNION POR LA PATRIA,3005.0,107880,Ballotage
Mendoza,LA LIBERTAD AVANZA,3016.0,780364,Ballotage
Mendoza,UNION POR LA PATRIA,3005.0,316450,Ballotage
Misiones,LA LIBERTAD AVANZA,3016.0,403126,Ballotage
Misiones,UNION POR LA PATRIA,3005.0,306647,Ballotage
Neuquén,LA LIBERTAD AVANZA,3016.0,253472,Ballotage
Neuquén,UNION POR LA PATRIA,3005.0,166022,Ballotage
Río Negro,LA LIBERTAD AVANZA,3016.0,235662,Ballotage
Río Negro,UNION POR LA PATRIA,3005.0,198814,Ballotage
Salta,LA LIBERTAD AVANZA,3016.0,456509,Ballotage
Salta,UNION POR LA PATRIA,3005.0,332510,Ballotage
San Juan,LA LIBERTAD AVANZA,3016.0,274429,Ballotage
San Juan,UNION POR LA PATRIA,3005.0,177818,Ballotage
San Luis,LA LIBERTAD AVANZA,3016.0,213778,Ballotage
San Luis,UNION POR LA PATRIA,3005.0,100638,Ballotage
Santa Cruz,LA LIBERTAD AVANZA,3016.0,104179,Ballotage
Santa Cruz,UNION POR LA PATRIA,3005.0,75244,Ballotage
Santa Fe,LA LIBERTAD AVANZA,3016.0,1278243,Ballotage
Santa Fe,UNION POR LA PATRIA,3005.0,756388,Ballotage
Santiago del Estero,LA LIBERTAD AVANZA,3016.0,198592,Ballotage
Santiago del Estero,UNION POR LA PATRIA,3005.0,430248,Ballotage
"Tierra del Fuego, Antártida e Islas del Atlántico Sur",LA LIBERTAD AVANZA,3016.0,54832,Ballotage
"Tierra del Fuego, Antártida e Islas del Atlántico Sur",UNION POR LA PATRIA,3005.0,48046,Ballotage
Tucumán,LA LIBERTAD AVANZA,3016.0,555009,Ballotage
Tucumán,UNION POR LA PATRIA,3005.0,512638,Ballotage
